year,RC_growth,LWID_growth,WA_growth,RF_growth,WF_growth,WS_growth,CALC_growth,MF_growth,WJ_LWID_growth,WJ_WA_growth,WJ_RF_growth,WJ_WF_growth,WJ_WS_growth,WJ_MF_growth,WJ_CALC_growth,ITBS_RC_growth,ITBS_LANG_growth,ITBS_MATH_growth,ITBS_CAP_growth,ITBS_PUNC_growth,ITBS_UE_growth,ITBS_CE_growth,ITBS_PSDI_growth,Edit_growth,SC_growth,Comp_growth,MC_growth,Math_growth,id
2008-2009,1.4,-0.7999999999999998,7.800000000000001,1.6999999999999993,1.7999999999999998,6.199999999999999,0,3.1999999999999993,NA,NA,NA,NA,NA,NA,NA,NA,NA,NA,NA,NA,NA,NA,NA,NA,NA,NA,NA,NA,5
2008-2009,0.8999999999999999,0.40000000000000036,2.5,3.999999999999999,0.9000000000000004,3,0.5999999999999996,6.799999999999999,NA,NA,NA,NA,NA,NA,NA,NA,NA,NA,NA,NA,NA,NA,NA,NA,NA,NA,NA,NA,141
2008-2009,1.6000000000000005,0.5,2,1,10.3,2.0999999999999996,0,2.8,NA,NA,NA,NA,NA,NA,NA,NA,NA,NA,NA,NA,NA,NA,NA,NA,NA,NA,NA,NA,77
2008-2009,-0.09999999999999964,0,3.6,6.3999999999999995,-2.3000000000000007,6.199999999999999,1,4.2,NA,NA,NA,NA,NA,NA,NA,NA,NA,NA,NA,NA,NA,NA,NA,NA,NA,NA,NA,NA,196
2008-2009,-1.5,-0.40000000000000036,0,2.0999999999999996,0.39999999999999947,-2.2,4.5,2.3999999999999995,NA,NA,NA,NA,NA,NA,NA,NA,NA,NA,NA,NA,NA,NA,NA,NA,NA,NA,NA,NA,206
2008-2009,6,0.9000000000000004,0,1.9000000000000004,1.1000000000000005,0.7999999999999989,0.5,2.0999999999999996,NA,NA,NA,NA,NA,NA,NA,NA,NA,NA,NA,NA,NA,NA,NA,NA,NA,NA,NA,NA,1
2008-2009,0.2999999999999998,-0.1999999999999993,-0.39999999999999947,3.5,3.8,2.5,2,3.200000000000001,NA,NA,NA,NA,NA,NA,NA,NA,NA,NA,NA,NA,NA,NA,NA,NA,NA,NA,NA,NA,264
2008-2009,-4.4,3.9000000000000004,2.5999999999999996,-2.0999999999999996,0.39999999999999947,-6.799999999999999,-1.5999999999999996,-0.40000000000000036,NA,NA,NA,NA,NA,NA,NA,NA,NA,NA,NA,NA,NA,NA,NA,NA,NA,NA,NA,NA,245
2008-2009,2,0.9999999999999996,0.6999999999999997,2.8999999999999995,1.9000000000000004,2.7,0,3.000000000000001,NA,NA,NA,NA,NA,NA,NA,NA,NA,NA,NA,NA,NA,NA,NA,NA,NA,NA,NA,NA,249
2008-2009,3.6,0.5999999999999996,0.09999999999999964,3.1000000000000014,7.9,0.5,2.5,0,NA,NA,NA,NA,NA,NA,NA,NA,NA,NA,NA,NA,NA,NA,NA,NA,NA,NA,NA,NA,220
2008-2009,-1.2000000000000002,0.8000000000000007,8,0.9000000000000004,-1.4999999999999998,-2.8,-0.09999999999999964,0.5,NA,NA,NA,NA,NA,NA,NA,NA,NA,NA,NA,NA,NA,NA,NA,NA,NA,NA,NA,NA,151
2008-2009,1.1000000000000005,1.6000000000000005,2.2,1.4000000000000004,9.6,-0.5,0.7999999999999998,0.1999999999999993,NA,NA,NA,NA,NA,NA,NA,NA,NA,NA,NA,NA,NA,NA,NA,NA,NA,NA,NA,NA,25
2008-2009,1.6,0.5,1.9,1.3999999999999995,2.1,0,1.1999999999999997,4.800000000000001,NA,NA,NA,NA,NA,NA,NA,NA,NA,NA,NA,NA,NA,NA,NA,NA,NA,NA,NA,NA,117
2008-2009,1.6999999999999993,-0.7000000000000002,1,0.10000000000000142,-0.6000000000000005,5.3999999999999995,3.1000000000000005,5.300000000000001,NA,NA,NA,NA,NA,NA,NA,NA,NA,NA,NA,NA,NA,NA,NA,NA,NA,NA,NA,NA,22
2008-2009,2.4000000000000004,1.4000000000000004,0.7999999999999998,3.5,2.1999999999999993,0.7999999999999989,0,5,NA,NA,NA,NA,NA,NA,NA,NA,NA,NA,NA,NA,NA,NA,NA,NA,NA,NA,NA,NA,279
2008-2009,2.6999999999999997,0.5,0.9000000000000001,1.5,0,1.2999999999999998,0.7999999999999998,1,NA,NA,NA,NA,NA,NA,NA,NA,NA,NA,NA,NA,NA,NA,NA,NA,NA,NA,NA,NA,240
2008-2009,5.1,2.4000000000000004,1.2999999999999998,2,1.1000000000000005,1.3999999999999986,1.3999999999999995,0.10000000000000053,NA,NA,NA,NA,NA,NA,NA,NA,NA,NA,NA,NA,NA,NA,NA,NA,NA,NA,NA,NA,203
2008-2009,-2.6999999999999993,-1.5,6.800000000000001,4.199999999999999,4.4,5.1,10,1.2999999999999998,NA,NA,NA,NA,NA,NA,NA,NA,NA,NA,NA,NA,NA,NA,NA,NA,NA,NA,NA,NA,90
2008-2009,4.200000000000001,0.7000000000000002,2.3999999999999995,2.2,1.4,1.0999999999999996,4,3.0999999999999996,NA,NA,NA,NA,NA,NA,NA,NA,NA,NA,NA,NA,NA,NA,NA,NA,NA,NA,NA,NA,30
2008-2009,2.9,0.2999999999999998,2.3,3.7,1.5,2.7,0.6000000000000005,3,NA,NA,NA,NA,NA,NA,NA,NA,NA,NA,NA,NA,NA,NA,NA,NA,NA,NA,NA,NA,273
2008-2009,0.7000000000000002,-1.2000000000000002,1.2999999999999998,4.800000000000001,5.8999999999999995,2.6999999999999993,-0.5,4.1,NA,NA,NA,NA,NA,NA,NA,NA,NA,NA,NA,NA,NA,NA,NA,NA,NA,NA,NA,NA,135
2008-2009,1.2999999999999998,1.2999999999999998,1,0.8000000000000007,3,0.9000000000000004,-0.5,3.8000000000000007,NA,NA,NA,NA,NA,NA,NA,NA,NA,NA,NA,NA,NA,NA,NA,NA,NA,NA,NA,NA,176
2008-2009,0,1.9000000000000004,1.3999999999999995,7.6,1.8000000000000007,-4.300000000000001,0.5,5.7,NA,NA,NA,NA,NA,NA,NA,NA,NA,NA,NA,NA,NA,NA,NA,NA,NA,NA,NA,NA,158
2008-2009,0,0.8999999999999995,1.2999999999999998,3.500000000000001,0.30000000000000027,1.0999999999999996,3.1,4.499999999999999,NA,NA,NA,NA,NA,NA,NA,NA,NA,NA,NA,NA,NA,NA,NA,NA,NA,NA,NA,NA,125
2008-2009,2.5000000000000004,2.4000000000000004,0.7000000000000002,3,0.5,-1.8000000000000007,1.6000000000000005,7.300000000000001,NA,NA,NA,NA,NA,NA,NA,NA,NA,NA,NA,NA,NA,NA,NA,NA,NA,NA,NA,NA,161
2008-2009,0.6000000000000001,NA,NA,NA,NA,NA,NA,NA,NA,NA,NA,NA,NA,NA,NA,NA,NA,NA,NA,NA,NA,NA,NA,NA,NA,NA,NA,NA,195
2008-2009,2.3,1.5,-1.5999999999999996,5.300000000000001,11.4,-0.8000000000000007,-1.5999999999999996,2.4000000000000004,NA,NA,NA,NA,NA,NA,NA,NA,NA,NA,NA,NA,NA,NA,NA,NA,NA,NA,NA,NA,189
2008-2009,0.7999999999999998,0.2999999999999998,0.5,1.1,1.8,0,0.3999999999999999,0.5,NA,NA,NA,NA,NA,NA,NA,NA,NA,NA,NA,NA,NA,NA,NA,NA,NA,NA,NA,NA,28
2008-2009,2.5,2,2.5,2,1.4000000000000004,-0.5,3.9000000000000004,9.4,NA,NA,NA,NA,NA,NA,NA,NA,NA,NA,NA,NA,NA,NA,NA,NA,NA,NA,NA,NA,241
2008-2009,1.5,1.1000000000000005,-0.39999999999999947,1.9,-0.6000000000000001,6.5,0.9000000000000004,3.999999999999999,NA,NA,NA,NA,NA,NA,NA,NA,NA,NA,NA,NA,NA,NA,NA,NA,NA,NA,NA,NA,130
2008-2009,0,0.5999999999999996,0.09999999999999964,8.1,10.9,-5.4,10,8.700000000000001,NA,NA,NA,NA,NA,NA,NA,NA,NA,NA,NA,NA,NA,NA,NA,NA,NA,NA,NA,NA,72
2008-2009,NA,0.7000000000000002,0.8,1.1,1.7999999999999998,1.3000000000000003,0.3999999999999999,0.7,NA,NA,NA,NA,NA,NA,NA,NA,NA,NA,NA,NA,NA,NA,NA,NA,NA,NA,NA,NA,54
2008-2009,-0.2999999999999998,0.7000000000000002,1.3999999999999995,5.699999999999999,1.5,3,1.2999999999999998,2.8,NA,NA,NA,NA,NA,NA,NA,NA,NA,NA,NA,NA,NA,NA,NA,NA,NA,NA,NA,NA,287
2008-2009,-0.09999999999999964,0.9000000000000004,-0.2999999999999998,4.800000000000001,3.8999999999999995,-2.0999999999999996,-1,8.9,NA,NA,NA,NA,NA,NA,NA,NA,NA,NA,NA,NA,NA,NA,NA,NA,NA,NA,NA,NA,184
2008-2009,3.6999999999999993,-1.1999999999999993,2.5999999999999996,0.8000000000000007,11.9,0,3.200000000000001,1,NA,NA,NA,NA,NA,NA,NA,NA,NA,NA,NA,NA,NA,NA,NA,NA,NA,NA,NA,NA,205
2008-2009,3.4,1.4,0.7000000000000002,-0.2999999999999998,0.8000000000000003,6.8999999999999995,1.4000000000000004,0.9000000000000004,NA,NA,NA,NA,NA,NA,NA,NA,NA,NA,NA,NA,NA,NA,NA,NA,NA,NA,NA,NA,242
2008-2009,3.3,1,0.6000000000000001,1.8000000000000003,1.0999999999999996,3,0.2999999999999998,2.6,NA,NA,NA,NA,NA,NA,NA,NA,NA,NA,NA,NA,NA,NA,NA,NA,NA,NA,NA,NA,177
2008-2009,-1.0999999999999996,2,0,0,4,-0.8000000000000007,5.9,0,NA,NA,NA,NA,NA,NA,NA,NA,NA,NA,NA,NA,NA,NA,NA,NA,NA,NA,NA,NA,274
2008-2009,2.1,-0.5,0.8000000000000003,0.8999999999999999,0.39999999999999947,2.3,0.9000000000000004,1.7999999999999998,NA,NA,NA,NA,NA,NA,NA,NA,NA,NA,NA,NA,NA,NA,NA,NA,NA,NA,NA,NA,297
2008-2009,0.20000000000000018,1.9000000000000004,0.7999999999999998,0.5,11.9,0.9000000000000004,0.5999999999999996,-11.9,NA,NA,NA,NA,NA,NA,NA,NA,NA,NA,NA,NA,NA,NA,NA,NA,NA,NA,NA,NA,187
2008-2009,0.2999999999999998,0.9999999999999996,-0.2999999999999998,2.5999999999999996,1.5,4.5,2.8000000000000003,5.4,NA,NA,NA,NA,NA,NA,NA,NA,NA,NA,NA,NA,NA,NA,NA,NA,NA,NA,NA,NA,172
2008-2009,2.9,1.1,1.6,0.6000000000000001,3.3000000000000003,3,0.3999999999999999,0.5,NA,NA,NA,NA,NA,NA,NA,NA,NA,NA,NA,NA,NA,NA,NA,NA,NA,NA,NA,NA,224
2008-2009,2,2.5999999999999996,3.5,4.1,-0.9000000000000004,2.0999999999999996,0.10000000000000142,0.5,NA,NA,NA,NA,NA,NA,NA,NA,NA,NA,NA,NA,NA,NA,NA,NA,NA,NA,NA,NA,154
2008-2009,NA,0.5999999999999999,0.5999999999999999,1.0999999999999999,1.1,1.4999999999999998,0.3999999999999999,0.8,NA,NA,NA,NA,NA,NA,NA,NA,NA,NA,NA,NA,NA,NA,NA,NA,NA,NA,NA,NA,221
2008-2009,0.8999999999999995,1.2999999999999998,0.7000000000000002,1.5999999999999996,2.5999999999999996,-1.2999999999999998,-0.5,0,NA,NA,NA,NA,NA,NA,NA,NA,NA,NA,NA,NA,NA,NA,NA,NA,NA,NA,NA,NA,265
2008-2009,0.7999999999999989,0,8,0.3000000000000007,0.8999999999999995,-0.20000000000000107,NA,NA,NA,NA,NA,NA,NA,NA,NA,NA,NA,NA,NA,NA,NA,NA,NA,NA,NA,NA,NA,NA,208
2008-2009,-1.3,0.10000000000000009,0.7000000000000002,0.3999999999999999,1.6,1.1,0.40000000000000013,0.7999999999999999,NA,NA,NA,NA,NA,NA,NA,NA,NA,NA,NA,NA,NA,NA,NA,NA,NA,NA,NA,NA,230
2008-2009,2.2,0.09999999999999964,0.6000000000000001,4.999999999999999,2.5,-0.5,0,4.499999999999999,NA,NA,NA,NA,NA,NA,NA,NA,NA,NA,NA,NA,NA,NA,NA,NA,NA,NA,NA,NA,44
2008-2009,5.1,NA,NA,4.6000000000000005,1.4999999999999991,NA,9.2,0.9000000000000004,NA,NA,NA,NA,NA,NA,NA,NA,NA,NA,NA,NA,NA,NA,NA,NA,NA,NA,NA,NA,180
2008-2009,-0.2999999999999998,0.3999999999999999,1.1,0.19999999999999973,1.8,0.5999999999999996,-0.7,0.6000000000000001,NA,NA,NA,NA,NA,NA,NA,NA,NA,NA,NA,NA,NA,NA,NA,NA,NA,NA,NA,NA,192
2008-2009,2.8000000000000003,1.2999999999999998,2.3,2.7,3.8000000000000007,-0.20000000000000107,0.5,5.5,NA,NA,NA,NA,NA,NA,NA,NA,NA,NA,NA,NA,NA,NA,NA,NA,NA,NA,NA,NA,138
2008-2009,4.199999999999999,1.7000000000000002,0.10000000000000053,1.8999999999999995,4.5,7.1,2.6000000000000005,-0.20000000000000018,NA,NA,NA,NA,NA,NA,NA,NA,NA,NA,NA,NA,NA,NA,NA,NA,NA,NA,NA,NA,270
2008-2009,0.3999999999999999,1.5,2.4000000000000004,4.3999999999999995,4.6,-2,1.2999999999999998,1.7999999999999998,NA,NA,NA,NA,NA,NA,NA,NA,NA,NA,NA,NA,NA,NA,NA,NA,NA,NA,NA,NA,129
2008-2009,1.7999999999999998,1.5,0,1.4,0.30000000000000027,0,1.4000000000000004,3.1,NA,NA,NA,NA,NA,NA,NA,NA,NA,NA,NA,NA,NA,NA,NA,NA,NA,NA,NA,NA,302
2008-2009,1.7000000000000002,0.3999999999999999,1.5000000000000004,0.8999999999999995,2.3,7.199999999999999,0.6000000000000001,2.8,NA,NA,NA,NA,NA,NA,NA,NA,NA,NA,NA,NA,NA,NA,NA,NA,NA,NA,NA,NA,27
2008-2009,1.4,1.6999999999999997,3.9,NA,NA,NA,NA,NA,NA,NA,NA,NA,NA,NA,NA,NA,NA,NA,NA,NA,NA,NA,NA,NA,NA,NA,NA,NA,19
2008-2009,1,0.20000000000000018,0.6999999999999997,1.0999999999999996,1.7999999999999998,0.9000000000000004,1.1,0.6000000000000001,NA,NA,NA,NA,NA,NA,NA,NA,NA,NA,NA,NA,NA,NA,NA,NA,NA,NA,NA,NA,219
2008-2009,0.09999999999999964,0,4.300000000000001,7.300000000000001,-10.9,4.4,0.2999999999999998,3.799999999999999,NA,NA,NA,NA,NA,NA,NA,NA,NA,NA,NA,NA,NA,NA,NA,NA,NA,NA,NA,NA,52
2008-2009,0.8999999999999999,-0.10000000000000053,0.5000000000000004,1,2.4000000000000004,0.10000000000000053,0.30000000000000027,0.40000000000000036,NA,NA,NA,NA,NA,NA,NA,NA,NA,NA,NA,NA,NA,NA,NA,NA,NA,NA,NA,NA,209
2008-2009,3.0999999999999996,-0.09999999999999964,2.3,3.799999999999999,1.1000000000000005,11.2,2,5.1,NA,NA,NA,NA,NA,NA,NA,NA,NA,NA,NA,NA,NA,NA,NA,NA,NA,NA,NA,NA,166
2008-2009,1.0999999999999996,0.7999999999999998,0.8999999999999999,2,0.7999999999999998,-4.7,0.5999999999999996,0.2999999999999998,NA,NA,NA,NA,NA,NA,NA,NA,NA,NA,NA,NA,NA,NA,NA,NA,NA,NA,NA,NA,41
2008-2009,4.3,1.1999999999999997,2.9999999999999996,2.3000000000000003,0.9999999999999998,1.9000000000000004,0.6000000000000005,5.1,NA,NA,NA,NA,NA,NA,NA,NA,NA,NA,NA,NA,NA,NA,NA,NA,NA,NA,NA,NA,113
2008-2009,2.4000000000000004,0.5,1.1999999999999997,3.1999999999999993,2.8000000000000007,0.3000000000000007,0,0,NA,NA,NA,NA,NA,NA,NA,NA,NA,NA,NA,NA,NA,NA,NA,NA,NA,NA,NA,NA,145
2008-2009,0.2999999999999998,1.4,1.3999999999999995,0.6999999999999997,0.2999999999999998,2,0.6000000000000001,2.9,NA,NA,NA,NA,NA,NA,NA,NA,NA,NA,NA,NA,NA,NA,NA,NA,NA,NA,NA,NA,283
2008-2009,1.2999999999999998,-0.5,-0.7999999999999998,0.7999999999999998,2.4000000000000004,5.999999999999999,0.7999999999999998,1.6999999999999993,NA,NA,NA,NA,NA,NA,NA,NA,NA,NA,NA,NA,NA,NA,NA,NA,NA,NA,NA,NA,69
2008-2009,0,1.4000000000000004,2.5999999999999996,1.5,8.8,5,0,4,NA,NA,NA,NA,NA,NA,NA,NA,NA,NA,NA,NA,NA,NA,NA,NA,NA,NA,NA,NA,24
2008-2009,0,1,1,0.19999999999999973,1.6,1.7999999999999998,0.6000000000000005,1.5,NA,NA,NA,NA,NA,NA,NA,NA,NA,NA,NA,NA,NA,NA,NA,NA,NA,NA,NA,NA,263
2008-2009,2.1999999999999997,0.8999999999999999,1.2,1.5,3.5000000000000004,4.699999999999999,0.10000000000000009,1.5,NA,NA,NA,NA,NA,NA,NA,NA,NA,NA,NA,NA,NA,NA,NA,NA,NA,NA,NA,NA,68
2008-2009,-0.7000000000000002,2.0999999999999996,6.9,4.3999999999999995,0.7000000000000002,-5.9,2.1000000000000005,3.9000000000000004,NA,NA,NA,NA,NA,NA,NA,NA,NA,NA,NA,NA,NA,NA,NA,NA,NA,NA,NA,NA,295
2008-2009,1.7000000000000002,1.7000000000000002,0.8999999999999995,0.3999999999999999,1.0000000000000004,2.6999999999999993,1.7000000000000002,4.1,NA,NA,NA,NA,NA,NA,NA,NA,NA,NA,NA,NA,NA,NA,NA,NA,NA,NA,NA,NA,299
2008-2009,0,0,0.09999999999999964,2.0999999999999996,0,5,0,5.299999999999999,NA,NA,NA,NA,NA,NA,NA,NA,NA,NA,NA,NA,NA,NA,NA,NA,NA,NA,NA,NA,247
2008-2009,2.0999999999999996,-0.5,-1.3999999999999995,7.6,2.4000000000000004,8.100000000000001,0,0.10000000000000142,NA,NA,NA,NA,NA,NA,NA,NA,NA,NA,NA,NA,NA,NA,NA,NA,NA,NA,NA,NA,97
2008-2009,0,4,4.300000000000001,2,2.8,-3.6999999999999993,3.2,0.10000000000000053,NA,NA,NA,NA,NA,NA,NA,NA,NA,NA,NA,NA,NA,NA,NA,NA,NA,NA,NA,NA,248
2008-2009,3.5,1.0999999999999996,5.4,3.9000000000000004,11.9,4.4,0,1.6999999999999993,NA,NA,NA,NA,NA,NA,NA,NA,NA,NA,NA,NA,NA,NA,NA,NA,NA,NA,NA,NA,182
2008-2009,1.5999999999999996,0.8000000000000007,9.4,2.1999999999999993,0.7999999999999998,2.0999999999999996,5.9,1.4000000000000004,NA,NA,NA,NA,NA,NA,NA,NA,NA,NA,NA,NA,NA,NA,NA,NA,NA,NA,NA,NA,53
2008-2009,2.8,0.5999999999999996,0.39999999999999947,1.1,1,2.1999999999999993,2.4,3.5,NA,NA,NA,NA,NA,NA,NA,NA,NA,NA,NA,NA,NA,NA,NA,NA,NA,NA,NA,NA,193
2008-2009,2.3,0.5,-4.300000000000001,0.20000000000000018,2.1,4.1,-0.7000000000000011,-0.6000000000000014,NA,NA,NA,NA,NA,NA,NA,NA,NA,NA,NA,NA,NA,NA,NA,NA,NA,NA,NA,NA,75
2008-2009,0.5,0.7999999999999998,0.09999999999999964,3.3000000000000007,0.5,-1.5000000000000009,1.8999999999999995,1.5999999999999996,NA,NA,NA,NA,NA,NA,NA,NA,NA,NA,NA,NA,NA,NA,NA,NA,NA,NA,NA,NA,146
2008-2009,-0.20000000000000018,0.5,0.09999999999999964,3.5,1.5999999999999996,1.7999999999999998,0.2999999999999998,2.700000000000001,NA,NA,NA,NA,NA,NA,NA,NA,NA,NA,NA,NA,NA,NA,NA,NA,NA,NA,NA,NA,10
2008-2009,3.6000000000000005,0.8999999999999995,1.2999999999999998,0.6000000000000001,0.8999999999999999,7.3,1,0.7999999999999998,NA,NA,NA,NA,NA,NA,NA,NA,NA,NA,NA,NA,NA,NA,NA,NA,NA,NA,NA,NA,11
2008-2009,-1.1,2,2.6999999999999993,0.7000000000000002,1.2999999999999998,1,0.5,3.7,NA,NA,NA,NA,NA,NA,NA,NA,NA,NA,NA,NA,NA,NA,NA,NA,NA,NA,NA,NA,76
2009-2010,NA,NA,NA,NA,NA,NA,NA,NA,-2.200000000000001,5.1,2.6000000000000005,2.3999999999999995,7.4,2.799999999999999,1.6000000000000005,1.4000000000000004,2.8,2.2,5.1000000000000005,3.3999999999999995,-0.10000000000000053,-2,1.1000000000000005,NA,NA,NA,NA,NA,5
2009-2010,NA,NA,NA,NA,NA,NA,NA,NA,-0.7999999999999998,3.5,5,0.7999999999999998,1.2999999999999998,1.799999999999999,0.7000000000000002,-1.2000000000000002,-1.7999999999999998,0.8999999999999999,-1.7000000000000002,-0.6000000000000001,0.7000000000000002,-1,-1,NA,NA,NA,NA,NA,141
2009-2010,NA,NA,NA,NA,NA,NA,NA,NA,3.3000000000000007,-5.4,7,8.8,7.300000000000001,7.800000000000001,5.6000000000000005,7.800000000000001,5.5,3.2,5.9,5.000000000000001,5.5,2.3000000000000007,3,NA,NA,NA,NA,NA,77
2009-2010,NA,NA,NA,NA,NA,NA,NA,NA,-1.3999999999999986,9.4,5.7,10.3,-0.39999999999999947,5.5,4.800000000000001,-0.7000000000000002,0.5,5.3,-1.7999999999999998,2,1.4000000000000004,-0.8999999999999999,-1,NA,NA,NA,NA,NA,196
2009-2010,NA,NA,NA,NA,NA,NA,NA,NA,1,-0.39999999999999947,4.5,1.3000000000000007,4.4,-0.39999999999999947,4.2,-0.3999999999999986,0.8999999999999995,2.1,1.1,0.5999999999999996,-2.2,1.2999999999999998,2.8999999999999995,NA,NA,NA,NA,NA,1
2009-2010,NA,NA,NA,NA,NA,NA,NA,NA,1.3000000000000007,0.8999999999999995,4.199999999999999,0.3000000000000007,-4.1000000000000005,6.7,0.7000000000000002,2.499999999999999,0.1999999999999993,2.7,0,1.5999999999999996,-1,0,1.5,NA,NA,NA,NA,NA,120
2009-2010,NA,NA,NA,NA,NA,NA,NA,NA,-0.20000000000000018,2.0000000000000004,1.4000000000000004,0.39999999999999947,NA,0.20000000000000018,-0.5999999999999996,0.7000000000000002,0,1.1,-0.2999999999999998,-2.6,-7.000000000000001,-0.20000000000000018,0.7999999999999998,NA,NA,NA,NA,NA,257
2009-2010,NA,NA,NA,NA,NA,NA,NA,NA,-2.2,0,1.8000000000000007,6.4,1.6999999999999993,10.4,2.2,0.20000000000000018,1.5,2.1000000000000005,-1.0999999999999996,5.699999999999999,0,0.3000000000000007,-0.7999999999999998,NA,NA,NA,NA,NA,264
2009-2010,NA,NA,NA,NA,NA,NA,NA,NA,0.9000000000000004,11.3,-1.5,0.5,-0.20000000000000018,1.7000000000000002,1,1.7000000000000002,0.5,0.20000000000000018,-1.2000000000000002,-0.3999999999999999,3.0000000000000004,-2.1999999999999997,-2.5999999999999996,NA,NA,NA,NA,NA,151
2009-2010,NA,NA,NA,NA,NA,NA,NA,NA,1.1000000000000005,2.1999999999999997,4.800000000000001,6.6,-0.8000000000000007,0,5.999999999999999,1.1000000000000005,3.1999999999999993,1,3.5,3.1000000000000005,3,0,5.800000000000001,NA,NA,NA,NA,NA,25
2009-2010,NA,NA,NA,NA,NA,NA,NA,NA,-0.1999999999999993,1.7000000000000002,2.8,2.8,4.6,4,1.7999999999999998,3.9999999999999996,2.8000000000000007,3,3.8000000000000003,1.7999999999999998,2.5999999999999996,1.1,1.4000000000000004,NA,NA,NA,NA,NA,307
2009-2010,NA,NA,NA,NA,NA,NA,NA,NA,1.4000000000000004,2.5,2.7,2.7,1.0999999999999996,3.5999999999999996,4,2.9000000000000004,2.0000000000000004,3.8,1.3999999999999995,3.0000000000000004,1.7000000000000002,2.3,1.9000000000000004,NA,NA,NA,NA,NA,117
2009-2010,NA,NA,NA,NA,NA,NA,NA,NA,0.5,2.5999999999999996,3,2,0.9000000000000004,6.6000000000000005,4.9,0.09999999999999964,3.9000000000000004,4.1000000000000005,0.7999999999999998,6.6000000000000005,3.3,0.10000000000000053,1.8999999999999995,NA,NA,NA,NA,NA,22
2009-2010,NA,NA,NA,NA,NA,NA,NA,NA,0.5999999999999996,-2.5,0.5,0,-8.299999999999999,0,0,0,0,0,0,0,0,0,0,NA,NA,NA,NA,NA,2
2009-2010,NA,NA,NA,NA,NA,NA,NA,NA,-2.5,2.5999999999999996,2.9000000000000004,0,2.0999999999999996,2.1000000000000005,7.199999999999999,2.8000000000000007,2,3,5.8,0,0.1999999999999993,1.299999999999999,0,NA,NA,NA,NA,NA,312
2009-2010,NA,NA,NA,NA,NA,NA,NA,NA,3.4000000000000004,2.4000000000000004,-0.40000000000000036,1.8999999999999995,0.5,4.799999999999999,9.2,4.300000000000001,0.5999999999999996,7.3,0,1,0.8000000000000007,6.6,0.9000000000000004,NA,NA,NA,NA,NA,203
2009-2010,NA,NA,NA,NA,NA,NA,NA,NA,1.8000000000000007,5.4,0,1.1000000000000005,0.3000000000000007,1.4000000000000004,5.9,0,0,2.8000000000000007,0,0,0,-0.7000000000000011,0,NA,NA,NA,NA,NA,90
2009-2010,NA,NA,NA,NA,NA,NA,NA,NA,2.0999999999999996,0.5000000000000004,-0.7999999999999998,0.7999999999999998,-2.9000000000000004,3.2,6.7,5.800000000000001,7.2,1.7000000000000002,10,2.5999999999999996,7.800000000000001,3.8000000000000007,-0.8999999999999995,NA,NA,NA,NA,NA,30
2009-2010,NA,NA,NA,NA,NA,NA,NA,NA,0.10000000000000053,0.8999999999999995,0.5999999999999996,0.40000000000000036,-0.9000000000000004,1.8000000000000003,0.3000000000000007,-1.2000000000000002,0.2999999999999998,0.40000000000000036,-1,1.5999999999999996,0.20000000000000018,0,-0.2999999999999998,NA,NA,NA,NA,NA,273
2009-2010,NA,NA,NA,NA,NA,NA,NA,NA,-2,-1.0999999999999996,5.5,6.9,2.9000000000000004,5.1,3.6000000000000005,0.10000000000000053,1.7999999999999998,1.5,4.2,1,0.2999999999999998,0.5,0.3000000000000007,NA,NA,NA,NA,NA,135
2009-2010,NA,NA,NA,NA,NA,NA,NA,NA,1.6999999999999993,6.2,-0.09999999999999964,-0.39999999999999947,-0.5,-0.7000000000000002,-0.5999999999999996,2.700000000000001,-0.8000000000000007,-2,0.8000000000000003,-3.0999999999999996,0,2.9000000000000004,1.6999999999999997,NA,NA,NA,NA,NA,259
2009-2010,NA,NA,NA,NA,NA,NA,NA,NA,1.3000000000000003,2.3999999999999995,1.6999999999999997,1.5,1.5,1.1,1.4999999999999996,5.2,3.5,2,2.5,3.5,4.6,3.9,3.4,NA,NA,NA,NA,NA,21
2009-2010,NA,NA,NA,NA,NA,NA,NA,NA,1,2.5,-1,6.199999999999999,7.4,6.5,0.3000000000000007,2.200000000000001,1.6999999999999993,1.7999999999999998,0.20000000000000018,-0.7000000000000002,5.6,-0.2999999999999998,-1.0999999999999996,NA,NA,NA,NA,NA,125
2009-2010,NA,NA,NA,NA,NA,NA,NA,NA,0.40000000000000036,-0.2999999999999998,2.5000000000000004,2.4999999999999996,4.3999999999999995,1.6,0.6000000000000001,1.3999999999999995,-1.3000000000000003,1.7000000000000002,-4.6,0.7999999999999998,-0.10000000000000009,2.4,1.6999999999999997,NA,NA,NA,NA,NA,319
2009-2010,NA,NA,NA,NA,NA,NA,NA,NA,0.8999999999999995,-0.7000000000000002,6.9,6.1000000000000005,-3.7,2.9000000000000004,1.8000000000000007,3.5,3.4000000000000004,3.9000000000000004,5.7,4.199999999999999,0.2999999999999998,2.4000000000000004,7.8999999999999995,NA,NA,NA,NA,NA,161
2009-2010,NA,NA,NA,NA,NA,NA,NA,NA,0.09999999999999964,0.09999999999999964,1.5,2.6999999999999997,NA,3.6999999999999993,2.6000000000000005,1,1.2999999999999998,0.40000000000000036,3.1999999999999997,0.3000000000000007,-0.40000000000000036,-0.6999999999999993,-2.8,NA,NA,NA,NA,NA,148
2009-2010,NA,NA,NA,NA,NA,NA,NA,NA,-0.10000000000000142,5.4,5.8999999999999995,2.4999999999999996,4.6,5.8999999999999995,6,0.40000000000000036,5.1,2.5999999999999996,8.3,1.8999999999999995,5,0.8999999999999995,7.1,NA,NA,NA,NA,NA,268
2009-2010,NA,NA,NA,NA,NA,NA,NA,NA,2.7,2,4.100000000000001,1.7999999999999998,3.3000000000000007,8.799999999999999,5.9,0.3000000000000007,1.8000000000000007,6.5,5.7,-2.299999999999999,1.9000000000000004,3.200000000000001,0.5,NA,NA,NA,NA,NA,7
2009-2010,NA,NA,NA,NA,NA,NA,NA,NA,0.9000000000000004,2.3000000000000003,0.5,1.3000000000000003,0.19999999999999973,1.8000000000000003,0.5999999999999996,1.2000000000000002,1.6,2.5,1.4000000000000001,0.30000000000000004,3.3,3.2,3.0999999999999996,NA,NA,NA,NA,NA,195
2009-2010,NA,NA,NA,NA,NA,NA,NA,NA,1.1000000000000014,5.1,-1,2.200000000000001,4.6000000000000005,2.1999999999999993,2.2,1,-1.8000000000000007,1.7999999999999998,0,-4.200000000000001,-1.1999999999999993,2,2,NA,NA,NA,NA,NA,189
2009-2010,NA,NA,NA,NA,NA,NA,NA,NA,1,1.7000000000000002,1.7999999999999998,1.1,1.2999999999999998,0.6000000000000001,0.6000000000000001,1.7000000000000002,1.8000000000000003,1.6,1.1,1.2999999999999998,3,0.6999999999999997,2.4000000000000004,NA,NA,NA,NA,NA,28
2009-2010,NA,NA,NA,NA,NA,NA,NA,NA,2.5999999999999996,4.1,2.3,0,0,9.900000000000002,3.2,-1.1999999999999993,1.5,2.9000000000000004,1.2999999999999998,1.9000000000000004,1.3999999999999995,1.1,2.2,NA,NA,NA,NA,NA,130
2009-2010,NA,NA,NA,NA,NA,NA,NA,NA,0.7000000000000002,2.3000000000000003,2.1,2.4000000000000004,2.9,1.3000000000000003,2.3000000000000003,8.8,3.6999999999999997,2,2.6999999999999997,1.5,6.8,1.1999999999999997,2.0999999999999996,NA,NA,NA,NA,NA,54
2009-2010,NA,NA,NA,NA,NA,NA,NA,NA,0.5,1.8999999999999995,2,2.7,-0.20000000000000107,4.6,1.6000000000000005,0.7000000000000002,4.4,1.9000000000000004,6.5,4.6,2.0999999999999996,0.8999999999999995,3.3,NA,NA,NA,NA,NA,3
2009-2010,NA,NA,NA,NA,NA,NA,NA,NA,1,1,6.6,0,3.3000000000000007,1,1.8999999999999995,0.7999999999999998,1.3000000000000007,3.2,0,-0.6999999999999993,4.6,2.9000000000000004,4.1,NA,NA,NA,NA,NA,184
2009-2010,NA,NA,NA,NA,NA,NA,NA,NA,0.7999999999999998,1,1.5,2.4000000000000004,3.299999999999999,5.6,4.2,2.700000000000001,2.9000000000000004,2.6,8.8,-1.2999999999999998,1.2999999999999998,0,0.7999999999999998,NA,NA,NA,NA,NA,26
2009-2010,NA,NA,NA,NA,NA,NA,NA,NA,1.7000000000000002,1.2000000000000002,0.20000000000000018,-0.8999999999999999,4.199999999999999,1,6.499999999999999,2.4000000000000004,-1,0.09999999999999964,0.3999999999999999,0.7999999999999998,-4.1,-1.0999999999999996,1.7999999999999998,NA,NA,NA,NA,NA,242
2009-2010,NA,NA,NA,NA,NA,NA,NA,NA,1.6,2.6999999999999997,3.9,4.5,5.999999999999999,1.2999999999999998,1.1000000000000005,1.5999999999999996,2.5,1.3999999999999995,1.6999999999999997,3.7,2.2,0.6000000000000001,0.5,NA,NA,NA,NA,NA,177
2009-2010,NA,NA,NA,NA,NA,NA,NA,NA,0.5999999999999996,-1.0999999999999996,0,0,-4.9,0,5.9,0.8000000000000007,3.1999999999999993,3.1999999999999993,4.199999999999999,5.5,0,2.5999999999999996,4.699999999999999,NA,NA,NA,NA,NA,274
2009-2010,NA,NA,NA,NA,NA,NA,NA,NA,1.2000000000000002,3.6999999999999997,1.9000000000000004,1.1999999999999993,1.7000000000000002,10.1,2.7,2.3,3.5999999999999996,1.5999999999999996,3.9000000000000004,5.3999999999999995,1.6999999999999997,1.1000000000000005,0.2999999999999998,NA,NA,NA,NA,NA,297
2009-2010,NA,NA,NA,NA,NA,NA,NA,NA,1.6999999999999993,0,-1.4000000000000004,6.6,2,0,4.199999999999999,0.7999999999999998,1.4000000000000004,0.29999999999999893,1.9999999999999996,1.8999999999999986,2,2,4.5,NA,NA,NA,NA,NA,187
2009-2010,NA,NA,NA,NA,NA,NA,NA,NA,0.6999999999999997,0.10000000000000009,0.7999999999999998,2.4000000000000004,5.999999999999999,2.6000000000000005,1.1000000000000005,1,1.1,2.9000000000000004,0.5,0.5,2.5,1.2000000000000002,3.2,NA,NA,NA,NA,NA,70
2009-2010,NA,NA,NA,NA,NA,NA,NA,NA,0.40000000000000036,1.2999999999999998,2.299999999999999,2.4999999999999996,4.6,7.4,1.2999999999999998,-0.2999999999999998,1.4000000000000004,1.8999999999999995,3.2,1.4000000000000004,-0.20000000000000018,1.6,1.5999999999999996,NA,NA,NA,NA,NA,172
2009-2010,NA,NA,NA,NA,NA,NA,NA,NA,0.20000000000000018,-1.3000000000000003,2.0000000000000004,2.9000000000000004,4.6,2.8000000000000003,1.1999999999999997,3.6999999999999997,2.6999999999999997,2.3,2.5,1.6999999999999997,4,1.4000000000000001,2.1,NA,NA,NA,NA,NA,224
2009-2010,NA,NA,NA,NA,NA,NA,NA,NA,1.0999999999999996,2.2,2.3000000000000003,0.30000000000000027,0.7000000000000002,3.4000000000000004,0.3999999999999999,0.7000000000000002,0.3999999999999999,0,0.5,1,-0.30000000000000004,-0.20000000000000018,0.30000000000000027,NA,NA,NA,NA,NA,221
2009-2010,NA,NA,NA,NA,NA,NA,NA,NA,1.6000000000000005,0.5,6.1000000000000005,2.5,0.7000000000000002,6.4,4,2.8999999999999995,1.3999999999999995,6.4,0.20000000000000018,2.700000000000001,1.5,1.8000000000000007,4.3999999999999995,NA,NA,NA,NA,NA,255
2009-2010,NA,NA,NA,NA,NA,NA,NA,NA,2.5,2.1999999999999997,2.799999999999999,2.3000000000000007,3.3,4.700000000000001,10,5.1,2.2,4.2,4.4,0.7999999999999998,1.1999999999999993,3.2,-0.5,NA,NA,NA,NA,NA,155
2009-2010,NA,NA,NA,NA,NA,NA,NA,NA,3.3000000000000007,0,8.8,2.3000000000000007,-0.8000000000000007,6.600000000000001,8.3,0,-0.09999999999999964,3.7,-0.8000000000000007,0.40000000000000036,0,1.8000000000000007,1.4000000000000004,NA,NA,NA,NA,NA,208
2009-2010,NA,NA,NA,NA,NA,NA,NA,NA,0.7000000000000002,0.8999999999999999,0.7,0,0.2999999999999998,1.6,-0.10000000000000009,0.30000000000000027,-0.10000000000000009,2.0999999999999996,0.8999999999999999,1.3,-2.5,1.4000000000000001,0.10000000000000009,NA,NA,NA,NA,NA,230
2009-2010,NA,NA,NA,NA,NA,NA,NA,NA,NA,NA,-0.7999999999999989,2.200000000000001,6.1,NA,NA,NA,NA,NA,NA,NA,NA,NA,NA,NA,NA,NA,NA,NA,180
2009-2010,NA,NA,NA,NA,NA,NA,NA,NA,0.8000000000000003,0.5,0.20000000000000018,0.19999999999999973,0.5,0.30000000000000004,0.40000000000000013,1.5000000000000002,-0.10000000000000009,0.3999999999999999,-0.5,-0.2999999999999998,0.6000000000000001,-0.20000000000000018,-0.3999999999999999,NA,NA,NA,NA,NA,192
2009-2010,NA,NA,NA,NA,NA,NA,NA,NA,0.6999999999999993,0,0,0,-0.5,4.700000000000001,5,0,0,1.9000000000000004,0,0,0,-1.4000000000000004,0,NA,NA,NA,NA,NA,14
2009-2010,NA,NA,NA,NA,NA,NA,NA,NA,0.8000000000000003,1.7999999999999998,2.6,1.4000000000000004,3.8,2.6,1.5000000000000004,2.8000000000000003,1.6,1.9999999999999998,1.8,2.5,0.5,2.6,1.3000000000000003,NA,NA,NA,NA,NA,106
2009-2010,NA,NA,NA,NA,NA,NA,NA,NA,-0.7999999999999998,1.3000000000000003,0.30000000000000027,1.5,4.6,2.0999999999999996,1.7000000000000002,0.3999999999999999,2.2,3.0000000000000004,1.5,2.6000000000000005,2.5,2.1,0.6000000000000005,NA,NA,NA,NA,NA,302
2009-2010,NA,NA,NA,NA,NA,NA,NA,NA,0.2999999999999998,2.4999999999999996,2.3999999999999995,2.7,-2.9000000000000004,2.0999999999999996,0.8999999999999995,0.2999999999999998,0.2999999999999998,0.10000000000000009,1.2000000000000002,-0.8000000000000007,0.5,0.09999999999999964,-0.7000000000000002,NA,NA,NA,NA,NA,27
2009-2010,NA,NA,NA,NA,NA,NA,NA,NA,1.7000000000000002,3.2,3.5000000000000004,2.7,-0.9000000000000004,2.3,0,2.1,3.3999999999999995,1.9,1.1,2.1999999999999997,4.2,1.1999999999999997,-0.2999999999999998,NA,NA,NA,NA,NA,19
2009-2010,NA,NA,NA,NA,NA,NA,NA,NA,1,5.499999999999999,8.1,1.3000000000000007,4.4,7.2,1.3999999999999995,0.5,3.3000000000000007,2.8,4.5,1.3999999999999995,3.8000000000000007,2.1999999999999993,5.6,NA,NA,NA,NA,NA,211
2009-2010,NA,NA,NA,NA,NA,NA,NA,NA,-1.9000000000000004,1.5999999999999996,4.299999999999999,0.6000000000000005,5.199999999999999,11.7,6.499999999999999,5.000000000000001,5.3,5.9,5.800000000000001,4.3999999999999995,5.8999999999999995,0.8000000000000007,7.6,NA,NA,NA,NA,NA,298
2009-2010,NA,NA,NA,NA,NA,NA,NA,NA,1.5,-5.4,3,8.8,5.1,11.1,6.2,3.3000000000000007,4.300000000000001,6.499999999999999,7.8,0.8999999999999986,4.199999999999999,0.7999999999999998,4.1,NA,NA,NA,NA,NA,121
2009-2010,NA,NA,NA,NA,NA,NA,NA,NA,0.5,-0.6000000000000005,3.8000000000000007,5.7,-4.9,4.5,10.7,5.200000000000001,1.7999999999999998,0.8999999999999995,3,3.5,-1.0999999999999996,1.5999999999999996,-1.4000000000000004,NA,NA,NA,NA,NA,166
2009-2010,NA,NA,NA,NA,NA,NA,NA,NA,2,4.2,NA,1.3999999999999995,4,4.9,2.9000000000000004,1.200000000000001,-0.7999999999999998,2,-0.5,-2,0.1999999999999993,1.7999999999999998,0.8999999999999995,NA,NA,NA,NA,NA,41
2009-2010,NA,NA,NA,NA,NA,NA,NA,NA,3.3999999999999995,4.300000000000001,4.8,3.4000000000000004,3.9000000000000004,5.5,0.40000000000000036,2.5,2,2.2,3.2,0.7999999999999998,2,1.7000000000000002,5.1,NA,NA,NA,NA,NA,113
2009-2010,NA,NA,NA,NA,NA,NA,NA,NA,-3.0999999999999996,-2.5,3.9000000000000004,6.5,2.4000000000000004,1.8,-0.20000000000000018,1.5,3.5000000000000004,3.4000000000000004,3.3,5.3999999999999995,1.9000000000000004,0.7999999999999998,2.0999999999999996,NA,NA,NA,NA,NA,178
2009-2010,NA,NA,NA,NA,NA,NA,NA,NA,-0.30000000000000027,2.8999999999999995,3.8,2.7,5.3,2.7,1.4,2.7,1.4,2.1,2.6999999999999997,0.7999999999999998,1,2.1,2.3,NA,NA,NA,NA,NA,68
2009-2010,NA,NA,NA,NA,NA,NA,NA,NA,1.0999999999999996,3.499999999999999,8.6,1.1000000000000005,-4.9,4.3999999999999995,1.2999999999999998,1.2000000000000002,1.6999999999999997,3.0000000000000004,1.9999999999999998,3.1999999999999997,-0.09999999999999964,1.5,-2.2,NA,NA,NA,NA,NA,4
2009-2010,NA,NA,NA,NA,NA,NA,NA,NA,1.6999999999999993,-2.5,-1.1000000000000005,2.1000000000000005,4,4.9,2,2.4000000000000004,3.5,4.3999999999999995,9.100000000000001,3.0000000000000004,0,1.2000000000000002,10.2,NA,NA,NA,NA,NA,271
2009-2010,NA,NA,NA,NA,NA,NA,NA,NA,3.2,4.1,1.4,3.4000000000000004,7.1,2.6,3.6000000000000005,2.8000000000000007,2.2,4.3,-0.3999999999999999,4.3,2.6999999999999993,3.9,4,NA,NA,NA,NA,NA,308
2009-2010,NA,NA,NA,NA,NA,NA,NA,NA,1,-2.5,2.2,2.3,2.0999999999999996,5.6,2.7,3.9000000000000004,5.4,3.5999999999999996,5.6,4.5,5.500000000000001,5.8,4.6,NA,NA,NA,NA,NA,299
2009-2010,NA,NA,NA,NA,NA,NA,NA,NA,0.09999999999999964,-1,1.4000000000000004,6.2,3.3000000000000007,5.199999999999999,3.1000000000000005,3.0999999999999996,1.4000000000000004,-0.09999999999999964,2.5999999999999996,0,1.4000000000000004,0.40000000000000036,-2.999999999999999,NA,NA,NA,NA,NA,97
2009-2010,NA,NA,NA,NA,NA,NA,NA,NA,1.2000000000000002,2.1999999999999997,1.1000000000000005,1.1999999999999993,5.800000000000001,3.6999999999999997,3.5999999999999996,2.1,4.799999999999999,4.3,1.4999999999999991,8.7,4.1,0.8999999999999999,0.40000000000000036,NA,NA,NA,NA,NA,200
2009-2010,NA,NA,NA,NA,NA,NA,NA,NA,-0.9000000000000004,6.9,1.4000000000000004,1.6999999999999993,1,2.700000000000001,5.2,1.7000000000000002,2.5,0.20000000000000018,2.9000000000000004,5.9,-1.299999999999999,-0.3000000000000007,2.2,NA,NA,NA,NA,NA,214
2009-2010,NA,NA,NA,NA,NA,NA,NA,NA,-0.5,2,2.6000000000000005,0.8999999999999999,2.3,5.5,0.6000000000000005,0.2999999999999998,2.2,2.1999999999999997,1.9000000000000004,2.4,0.19999999999999973,0.7999999999999998,0.3999999999999999,NA,NA,NA,NA,NA,55
2009-2010,NA,NA,NA,NA,NA,NA,NA,NA,1.6999999999999993,1,8.6,-2.5,-0.09999999999999964,3.8000000000000003,3.3000000000000003,-1,3.8,0.5999999999999999,5.300000000000001,2.3999999999999995,3.5999999999999996,-0.20000000000000018,0.8999999999999999,NA,NA,NA,NA,NA,169
2009-2010,NA,NA,NA,NA,NA,NA,NA,NA,1.2999999999999998,1.7000000000000002,1.2000000000000002,3.8,7.8999999999999995,2.5999999999999996,2.8,6.999999999999999,2.1999999999999997,3.2,2.6999999999999997,1.5000000000000004,2.6,3.0000000000000004,4.4,NA,NA,NA,NA,NA,193
2009-2010,NA,NA,NA,NA,NA,NA,NA,NA,-0.29999999999999893,-7.800000000000001,3.3000000000000007,3.499999999999999,6.800000000000001,5.699999999999999,7.199999999999999,4.9,-0.7000000000000002,0.39999999999999947,0.40000000000000036,-0.6000000000000001,-1.7999999999999998,1.2000000000000002,-0.20000000000000018,NA,NA,NA,NA,NA,75
2009-2010,NA,NA,NA,NA,NA,NA,NA,NA,1.1,0.8999999999999999,4.299999999999999,2.1999999999999993,2.3,5.4,1.7999999999999998,0.2999999999999998,-0.8000000000000007,3,0.9000000000000004,-0.7999999999999998,-2.3,0,0.7000000000000002,NA,NA,NA,NA,NA,10
2009-2010,NA,NA,NA,NA,NA,NA,NA,NA,-0.7000000000000002,6.9,0.6999999999999997,1.4,6.8,1.9999999999999996,3.2,2.1,2.4,1.1999999999999997,2.4999999999999996,1.9999999999999996,2.8000000000000007,-0.7999999999999998,0.10000000000000009,NA,NA,NA,NA,NA,11
2009-2010,NA,NA,NA,NA,NA,NA,NA,NA,-0.40000000000000036,0,-0.8000000000000007,4.1,-0.5,3.4000000000000004,-1,1,-0.10000000000000009,0.5999999999999996,0.8999999999999999,0.7999999999999998,-1.7999999999999998,1.7000000000000002,3.1000000000000005,NA,NA,NA,NA,NA,76
2009-2010,NA,NA,NA,NA,NA,NA,NA,NA,2.8,0.8000000000000003,2.3000000000000003,2.8,4.4,5.6000000000000005,4.500000000000001,5.4,3.0999999999999996,5.3999999999999995,4.6,4.699999999999999,0,4.6,4.5,NA,NA,NA,NA,NA,304
2015-2016,3.999999999999999,5.199999999999999,0,4.4,7.9,0.8999999999999995,1.6999999999999993,0,NA,NA,NA,NA,NA,NA,NA,NA,NA,NA,NA,NA,NA,NA,NA,NA,NA,NA,NA,NA,147
2015-2016,3.1999999999999993,5.7,0,0,0,5,5.5,6.800000000000001,NA,NA,NA,NA,NA,NA,NA,NA,NA,NA,NA,NA,NA,NA,NA,NA,NA,NA,NA,NA,171
2015-2016,0.7999999999999998,2.5,4.3999999999999995,2.2,1.0999999999999996,2.8,1.3000000000000003,2.8999999999999995,NA,NA,NA,NA,NA,NA,NA,NA,NA,NA,NA,NA,NA,NA,NA,NA,NA,NA,NA,NA,286
2015-2016,1.4000000000000004,1.0999999999999996,6.6,-1.4000000000000004,3.6999999999999997,0.2999999999999998,1,2.8000000000000003,NA,NA,NA,NA,NA,NA,NA,NA,NA,NA,NA,NA,NA,NA,NA,NA,NA,NA,NA,NA,80
2015-2016,0.5999999999999996,1.6000000000000005,1.8999999999999995,1.6000000000000005,2.1999999999999993,1.6999999999999993,5.5,-0.8000000000000007,NA,NA,NA,NA,NA,NA,NA,NA,NA,NA,NA,NA,NA,NA,NA,NA,NA,NA,NA,NA,100
2015-2016,2.0000000000000004,3.7,4.7,2.3000000000000003,0.9000000000000004,1.1000000000000005,1.4000000000000004,5.300000000000001,NA,NA,NA,NA,NA,NA,NA,NA,NA,NA,NA,NA,NA,NA,NA,NA,NA,NA,NA,NA,131
2015-2016,0.3999999999999986,1.4999999999999991,2.499999999999999,0,0,-1.1999999999999993,6,0,NA,NA,NA,NA,NA,NA,NA,NA,NA,NA,NA,NA,NA,NA,NA,NA,NA,NA,NA,NA,228
2015-2016,0.39999999999999947,5.8999999999999995,5.7,1.7000000000000002,2.8,0.7999999999999998,1.5999999999999996,3.5999999999999996,NA,NA,NA,NA,NA,NA,NA,NA,NA,NA,NA,NA,NA,NA,NA,NA,NA,NA,NA,NA,315
2015-2016,2.1999999999999993,2.799999999999999,3.9999999999999996,0,0,5,2.1999999999999993,0,NA,NA,NA,NA,NA,NA,NA,NA,NA,NA,NA,NA,NA,NA,NA,NA,NA,NA,NA,NA,46
2015-2016,2.8000000000000007,0.5999999999999996,-0.5,2.0999999999999996,-1.5,3.5999999999999996,3.3999999999999995,2.8,NA,NA,NA,NA,NA,NA,NA,NA,NA,NA,NA,NA,NA,NA,NA,NA,NA,NA,NA,NA,222
2015-2016,3.8999999999999995,2,1.9000000000000004,2.3,3.2,5.7,2.5999999999999996,2.9000000000000004,NA,NA,NA,NA,NA,NA,NA,NA,NA,NA,NA,NA,NA,NA,NA,NA,NA,NA,NA,NA,101
2015-2016,3.6999999999999993,2.1000000000000005,4.9,4,4.1,2.3999999999999995,5.5,2.5,NA,NA,NA,NA,NA,NA,NA,NA,NA,NA,NA,NA,NA,NA,NA,NA,NA,NA,NA,NA,234
2015-2016,4.5,5.5,2.3000000000000007,4,4.1,0.6999999999999993,4.3,0,NA,NA,NA,NA,NA,NA,NA,NA,NA,NA,NA,NA,NA,NA,NA,NA,NA,NA,NA,NA,39
2015-2016,2.9000000000000004,2.6000000000000005,7.6000000000000005,0.5,0,3.4000000000000004,3.8999999999999995,4.8999999999999995,NA,NA,NA,NA,NA,NA,NA,NA,NA,NA,NA,NA,NA,NA,NA,NA,NA,NA,NA,NA,285
2015-2016,1.2000000000000002,2.3,2.1,1.9,0.9000000000000004,1.5,1.1000000000000005,2.5,NA,NA,NA,NA,NA,NA,NA,NA,NA,NA,NA,NA,NA,NA,NA,NA,NA,NA,NA,NA,99
2015-2016,NA,5.3999999999999995,6.2,3.1999999999999997,0.5999999999999996,0.5,1.799999999999999,7.1000000000000005,NA,NA,NA,NA,NA,NA,NA,NA,NA,NA,NA,NA,NA,NA,NA,NA,NA,NA,NA,NA,173
2015-2016,4.800000000000001,2.7,7.6000000000000005,2.3,3,3,2.2,4.3,NA,NA,NA,NA,NA,NA,NA,NA,NA,NA,NA,NA,NA,NA,NA,NA,NA,NA,NA,NA,107
2015-2016,2.5,2.3,4.5,0.5,1.4,3.3999999999999995,2.1999999999999997,NA,NA,NA,NA,NA,NA,NA,NA,NA,NA,NA,NA,NA,NA,NA,NA,NA,NA,NA,NA,NA,160
2015-2016,4.7,0.40000000000000036,0,2.1999999999999993,6.6000000000000005,3.8000000000000007,4.200000000000001,0,NA,NA,NA,NA,NA,NA,NA,NA,NA,NA,NA,NA,NA,NA,NA,NA,NA,NA,NA,NA,181
2015-2016,0.5999999999999996,3.0999999999999996,0,5.300000000000001,5.1000000000000005,-0.7000000000000002,2.1999999999999993,0,NA,NA,NA,NA,NA,NA,NA,NA,NA,NA,NA,NA,NA,NA,NA,NA,NA,NA,NA,NA,250
2015-2016,1.0999999999999996,1.7000000000000002,1.4,1.3999999999999995,-1.8999999999999995,1,1.0999999999999996,2.4000000000000004,NA,NA,NA,NA,NA,NA,NA,NA,NA,NA,NA,NA,NA,NA,NA,NA,NA,NA,NA,NA,59
2015-2016,1.2999999999999998,0.5999999999999996,2.499999999999999,2,6.6000000000000005,0.1999999999999993,4,8.5,NA,NA,NA,NA,NA,NA,NA,NA,NA,NA,NA,NA,NA,NA,NA,NA,NA,NA,NA,NA,291
2015-2016,2.2,NA,NA,NA,NA,1.5,NA,NA,NA,NA,NA,NA,NA,NA,NA,NA,NA,NA,NA,NA,NA,NA,NA,NA,NA,NA,NA,NA,215
2015-2016,2.6000000000000005,2.8,-0.5,2.8000000000000007,6,5,5.6000000000000005,2,NA,NA,NA,NA,NA,NA,NA,NA,NA,NA,NA,NA,NA,NA,NA,NA,NA,NA,NA,NA,47
2015-2016,5,4.1000000000000005,3,1.9000000000000004,3.0999999999999996,2,1.5000000000000004,1.2999999999999998,NA,NA,NA,NA,NA,NA,NA,NA,NA,NA,NA,NA,NA,NA,NA,NA,NA,NA,NA,NA,198
2015-2016,1.5,0.8999999999999999,2.4,NA,NA,2.8,0.8999999999999999,0.5999999999999996,NA,NA,NA,NA,NA,NA,NA,NA,NA,NA,NA,NA,NA,NA,NA,NA,NA,NA,NA,NA,253
2015-2016,4.1,2.6000000000000005,0,2.4,3.8000000000000007,5,0.7999999999999989,2.3000000000000003,NA,NA,NA,NA,NA,NA,NA,NA,NA,NA,NA,NA,NA,NA,NA,NA,NA,NA,NA,NA,98
2015-2016,1.3000000000000007,4.5,7.2,8.9,6.4,0.20000000000000018,2.5,4.4,NA,NA,NA,NA,NA,NA,NA,NA,NA,NA,NA,NA,NA,NA,NA,NA,NA,NA,NA,NA,246
2015-2016,2.8,4.1000000000000005,6.2,7.1000000000000005,5.4,3.1999999999999993,1.5999999999999996,7.7,NA,NA,NA,NA,NA,NA,NA,NA,NA,NA,NA,NA,NA,NA,NA,NA,NA,NA,NA,NA,118
2015-2016,2.0999999999999996,2.6000000000000005,4.9,1.5,2.500000000000001,1.6999999999999993,2.8,1.0000000000000004,NA,NA,NA,NA,NA,NA,NA,NA,NA,NA,NA,NA,NA,NA,NA,NA,NA,NA,NA,NA,61
2015-2016,1.2999999999999998,2.3,2.3000000000000007,3.3,7.9,0.39999999999999947,2.1999999999999993,1.9000000000000004,NA,NA,NA,NA,NA,NA,NA,NA,NA,NA,NA,NA,NA,NA,NA,NA,NA,NA,NA,NA,197
2015-2016,3.0999999999999996,0.40000000000000036,2.5,0,0,2.5,4.200000000000001,0,NA,NA,NA,NA,NA,NA,NA,NA,NA,NA,NA,NA,NA,NA,NA,NA,NA,NA,NA,NA,210
2015-2016,2.7,2.9000000000000004,2.7,2.3,0,1.5,0.5,2.200000000000001,NA,NA,NA,NA,NA,NA,NA,NA,NA,NA,NA,NA,NA,NA,NA,NA,NA,NA,NA,NA,137
2015-2016,NA,2.0999999999999996,4.1000000000000005,3.0999999999999996,1.2999999999999998,1.5,2.3,0.7999999999999998,NA,NA,NA,NA,NA,NA,NA,NA,NA,NA,NA,NA,NA,NA,NA,NA,NA,NA,NA,NA,281
2015-2016,NA,2.7,2.9,0.3000000000000007,0.40000000000000036,2.2,-0.6000000000000001,0.7000000000000002,NA,NA,NA,NA,NA,NA,NA,NA,NA,NA,NA,NA,NA,NA,NA,NA,NA,NA,NA,NA,122
2015-2016,0,1.7999999999999998,6.2,1,1.5,0.2999999999999998,2.999999999999999,0.8999999999999995,NA,NA,NA,NA,NA,NA,NA,NA,NA,NA,NA,NA,NA,NA,NA,NA,NA,NA,NA,NA,133
2015-2016,0.2999999999999998,4.199999999999999,3,1.4000000000000004,3.2,-1.5999999999999996,-0.5,3.9000000000000004,NA,NA,NA,NA,NA,NA,NA,NA,NA,NA,NA,NA,NA,NA,NA,NA,NA,NA,NA,NA,167
2015-2016,2.1999999999999997,2.5999999999999996,1.6000000000000005,2.1000000000000005,0.39999999999999947,1.5,1.3000000000000003,3.1999999999999993,NA,NA,NA,NA,NA,NA,NA,NA,NA,NA,NA,NA,NA,NA,NA,NA,NA,NA,NA,NA,66
2015-2016,3.0999999999999996,NA,NA,NA,3.7,5,NA,NA,NA,NA,NA,NA,NA,NA,NA,NA,NA,NA,NA,NA,NA,NA,NA,NA,NA,NA,NA,NA,45
2015-2016,1.3999999999999986,3.6999999999999993,1.1999999999999993,0,0.7999999999999998,6.300000000000001,3,1.7999999999999998,NA,NA,NA,NA,NA,NA,NA,NA,NA,NA,NA,NA,NA,NA,NA,NA,NA,NA,NA,NA,144
2015-2016,3,2.8999999999999995,3.499999999999999,2.7,-1.4000000000000004,2.0999999999999996,2.3,1.2000000000000002,NA,NA,NA,NA,NA,NA,NA,NA,NA,NA,NA,NA,NA,NA,NA,NA,NA,NA,NA,NA,261
2015-2016,6.5,3.7,4.7,2.3000000000000007,5.1000000000000005,6.5,2.1999999999999993,7.7,NA,NA,NA,NA,NA,NA,NA,NA,NA,NA,NA,NA,NA,NA,NA,NA,NA,NA,NA,NA,103
2015-2016,3.4,4.299999999999999,9.3,0,-1.2999999999999998,3,1.7000000000000002,1.8000000000000003,NA,NA,NA,NA,NA,NA,NA,NA,NA,NA,NA,NA,NA,NA,NA,NA,NA,NA,NA,NA,207
2015-2016,2.0999999999999996,0.40000000000000036,3,6.300000000000001,4.1,1.6999999999999993,6,0,NA,NA,NA,NA,NA,NA,NA,NA,NA,NA,NA,NA,NA,NA,NA,NA,NA,NA,NA,NA,232
2015-2016,2.1999999999999993,4.3,3.9999999999999996,0,4.1,4.5,6.5,0.5999999999999996,NA,NA,NA,NA,NA,NA,NA,NA,NA,NA,NA,NA,NA,NA,NA,NA,NA,NA,NA,NA,12
2015-2016,NA,2.1999999999999993,4.4,1.1,2,0.40000000000000036,2.1999999999999993,1,NA,NA,NA,NA,NA,NA,NA,NA,NA,NA,NA,NA,NA,NA,NA,NA,NA,NA,NA,NA,301
2015-2016,1.2000000000000002,3,2.3,3.5999999999999996,2,2.0999999999999996,1.2999999999999998,5.6000000000000005,NA,NA,NA,NA,NA,NA,NA,NA,NA,NA,NA,NA,NA,NA,NA,NA,NA,NA,NA,NA,16
2015-2016,NA,2.5,2.8000000000000003,NA,1.1,2.2,0.8000000000000003,0.6999999999999997,NA,NA,NA,NA,NA,NA,NA,NA,NA,NA,NA,NA,NA,NA,NA,NA,NA,NA,NA,NA,239
2015-2016,3.6999999999999993,1.5999999999999996,0,0,9.2,0,6.9,4.1000000000000005,NA,NA,NA,NA,NA,NA,NA,NA,NA,NA,NA,NA,NA,NA,NA,NA,NA,NA,NA,NA,194
2015-2016,2.6000000000000005,4.499999999999999,7.6000000000000005,1.2000000000000002,2.5,3,2.0999999999999996,1.3999999999999995,NA,NA,NA,NA,NA,NA,NA,NA,NA,NA,NA,NA,NA,NA,NA,NA,NA,NA,NA,NA,282
2015-2016,1,1.5999999999999996,3.8000000000000003,2.3,0,3.2,1.2999999999999998,5,NA,NA,NA,NA,NA,NA,NA,NA,NA,NA,NA,NA,NA,NA,NA,NA,NA,NA,NA,NA,8
2015-2016,1.2000000000000002,2.6000000000000005,4.9,2.1000000000000005,2.8,1.5,0.8999999999999995,2.2,NA,NA,NA,NA,NA,NA,NA,NA,NA,NA,NA,NA,NA,NA,NA,NA,NA,NA,NA,NA,204
2015-2016,2.1,1.2000000000000002,2.4000000000000004,2.4999999999999996,0.9000000000000004,2.6,0.5,2.0999999999999996,NA,NA,NA,NA,NA,NA,NA,NA,NA,NA,NA,NA,NA,NA,NA,NA,NA,NA,NA,NA,110
2015-2016,2.0999999999999996,3,3.8000000000000003,0.5,0.6999999999999997,2.0999999999999996,1.9000000000000001,2.2,NA,NA,NA,NA,NA,NA,NA,NA,NA,NA,NA,NA,NA,NA,NA,NA,NA,NA,NA,NA,276
2015-2016,NA,1.5,1.8,1.9000000000000001,0.6999999999999997,1.4999999999999998,0.3999999999999999,2.6999999999999997,NA,NA,NA,NA,NA,NA,NA,NA,NA,NA,NA,NA,NA,NA,NA,NA,NA,NA,NA,NA,289
2015-2016,0.6999999999999993,1.6000000000000005,5.7,5.9,5.4,2.5,1.7000000000000002,5.1000000000000005,NA,NA,NA,NA,NA,NA,NA,NA,NA,NA,NA,NA,NA,NA,NA,NA,NA,NA,NA,NA,231
2015-2016,2.1999999999999993,NA,NA,0,0,1.1000000000000014,NA,NA,NA,NA,NA,NA,NA,NA,NA,NA,NA,NA,NA,NA,NA,NA,NA,NA,NA,NA,NA,NA,79
2015-2016,4.199999999999999,0,0,1.8000000000000007,3.2,1.1000000000000014,1.3000000000000007,4.5,NA,NA,NA,NA,NA,NA,NA,NA,NA,NA,NA,NA,NA,NA,NA,NA,NA,NA,NA,NA,94
2015-2016,-0.5999999999999996,2.6000000000000005,0,2.9000000000000004,0,0.40000000000000036,4.4,1.9000000000000004,NA,NA,NA,NA,NA,NA,NA,NA,NA,NA,NA,NA,NA,NA,NA,NA,NA,NA,NA,NA,142
2015-2016,2.3,1.9,2.8000000000000003,2.4,1,1,1.2999999999999998,0,NA,NA,NA,NA,NA,NA,NA,NA,NA,NA,NA,NA,NA,NA,NA,NA,NA,NA,NA,NA,9
2015-2016,NA,NA,NA,NA,NA,NA,NA,NA,NA,NA,NA,NA,NA,NA,NA,NA,NA,NA,NA,NA,NA,NA,NA,NA,NA,NA,NA,NA,33
2015-2016,1.9000000000000004,1.2999999999999998,3.9999999999999996,8.9,1.8999999999999995,1.2000000000000002,2,3.6999999999999997,NA,NA,NA,NA,NA,NA,NA,NA,NA,NA,NA,NA,NA,NA,NA,NA,NA,NA,NA,NA,18
2015-2016,1.5,0.39999999999999947,3.499999999999999,2.9000000000000004,7.300000000000001,NA,0,0,NA,NA,NA,NA,NA,NA,NA,NA,NA,NA,NA,NA,NA,NA,NA,NA,NA,NA,NA,NA,13
2015-2016,3.3000000000000007,0,0,2.4000000000000004,5.9,2.200000000000001,0,4.6,NA,NA,NA,NA,NA,NA,NA,NA,NA,NA,NA,NA,NA,NA,NA,NA,NA,NA,NA,NA,174
2015-2016,2.6000000000000005,1.5999999999999996,0.7000000000000002,4.2,1.0000000000000009,0.39999999999999947,1.0999999999999996,3.8999999999999995,NA,NA,NA,NA,NA,NA,NA,NA,NA,NA,NA,NA,NA,NA,NA,NA,NA,NA,NA,NA,134
2015-2016,1.9999999999999991,-0.20000000000000107,2.8,1.3000000000000007,5.9,2.4000000000000004,1.7999999999999998,7.7,NA,NA,NA,NA,NA,NA,NA,NA,NA,NA,NA,NA,NA,NA,NA,NA,NA,NA,NA,NA,140
2015-2016,5.999999999999999,-0.40000000000000036,1.1999999999999993,3.7,5.9,0.40000000000000036,4.200000000000001,3.3,NA,NA,NA,NA,NA,NA,NA,NA,NA,NA,NA,NA,NA,NA,NA,NA,NA,NA,NA,NA,229
2015-2016,3.1,2.6,2.4000000000000004,2.5000000000000004,3.4999999999999996,3.4000000000000004,1.5999999999999996,5,NA,NA,NA,NA,NA,NA,NA,NA,NA,NA,NA,NA,NA,NA,NA,NA,NA,NA,NA,NA,89
2015-2016,1.8999999999999995,3.2,3.8000000000000003,3.8999999999999995,0.7000000000000002,NA,1.5999999999999996,6.9,NA,NA,NA,NA,NA,NA,NA,NA,NA,NA,NA,NA,NA,NA,NA,NA,NA,NA,NA,NA,83
2015-2016,3.1000000000000005,1.9999999999999991,-0.5,1.3999999999999995,5.9,3.8000000000000007,1.799999999999999,0,NA,NA,NA,NA,NA,NA,NA,NA,NA,NA,NA,NA,NA,NA,NA,NA,NA,NA,NA,NA,91
2015-2016,3.9,4.3,5.6,3,2.2,1.1999999999999993,2.3,2.6000000000000005,NA,NA,NA,NA,NA,NA,NA,NA,NA,NA,NA,NA,NA,NA,NA,NA,NA,NA,NA,NA,82
2015-2016,NA,2.3000000000000003,4.5,2.3,-2.1999999999999993,NA,2.8,1.5,NA,NA,NA,NA,NA,NA,NA,NA,NA,NA,NA,NA,NA,NA,NA,NA,NA,NA,NA,NA,223
2015-2016,2.7,1.5999999999999996,0,0.09999999999999964,0,2.3999999999999995,4.9,0,NA,NA,NA,NA,NA,NA,NA,NA,NA,NA,NA,NA,NA,NA,NA,NA,NA,NA,NA,NA,157
2015-2016,2.6999999999999993,3.9000000000000004,NA,4.6,7.300000000000001,3.8000000000000007,1.700000000000001,4.6,NA,NA,NA,NA,NA,NA,NA,NA,NA,NA,NA,NA,NA,NA,NA,NA,NA,NA,NA,NA,243
2015-2016,NA,0.7000000000000002,1.8,0.9999999999999998,0.6999999999999997,1,0.19999999999999973,0.4999999999999998,NA,NA,NA,NA,NA,NA,NA,NA,NA,NA,NA,NA,NA,NA,NA,NA,NA,NA,NA,NA,186
2015-2016,0.9000000000000004,2.1999999999999993,4.5,2.1999999999999997,1.8000000000000003,6.3999999999999995,1.5999999999999996,1,NA,NA,NA,NA,NA,NA,NA,NA,NA,NA,NA,NA,NA,NA,NA,NA,NA,NA,NA,NA,31
2015-2016,1.1000000000000005,4.3,4.8,2.6000000000000005,3.3,3.5999999999999996,1.2999999999999998,5.4,NA,NA,NA,NA,NA,NA,NA,NA,NA,NA,NA,NA,NA,NA,NA,NA,NA,NA,NA,NA,310
2015-2016,1.4,3.2,3.9999999999999996,3.1999999999999997,5.3,2.5999999999999996,2,4.200000000000001,NA,NA,NA,NA,NA,NA,NA,NA,NA,NA,NA,NA,NA,NA,NA,NA,NA,NA,NA,NA,58
2015-2016,2.4,2.2,3.2,2.3000000000000003,0,1,1.2999999999999998,2,NA,NA,NA,NA,NA,NA,NA,NA,NA,NA,NA,NA,NA,NA,NA,NA,NA,NA,NA,NA,56
2015-2016,NA,2.9,3.2,NA,0.8000000000000003,1.7999999999999998,1,2.5000000000000004,NA,NA,NA,NA,NA,NA,NA,NA,NA,NA,NA,NA,NA,NA,NA,NA,NA,NA,NA,NA,316
2015-2016,2.5,1.0000000000000009,2.499999999999999,1.9000000000000004,2.500000000000001,2,2,3.3000000000000003,NA,NA,NA,NA,NA,NA,NA,NA,NA,NA,NA,NA,NA,NA,NA,NA,NA,NA,NA,NA,156
2015-2016,0.40000000000000036,1.1999999999999993,3,2.9000000000000004,8.3,3.5999999999999996,1.799999999999999,0,NA,NA,NA,NA,NA,NA,NA,NA,NA,NA,NA,NA,NA,NA,NA,NA,NA,NA,NA,NA,213
2015-2016,2,3.1999999999999993,1.8999999999999995,2.7,4.8,0.8999999999999995,2.0999999999999996,4.2,NA,NA,NA,NA,NA,NA,NA,NA,NA,NA,NA,NA,NA,NA,NA,NA,NA,NA,NA,NA,277
2015-2016,2.5,3,4.1000000000000005,2.0999999999999996,-3.2,2.8,2.2,3.8000000000000007,NA,NA,NA,NA,NA,NA,NA,NA,NA,NA,NA,NA,NA,NA,NA,NA,NA,NA,NA,NA,260
2015-2016,1.5,0.7999999999999989,2.5,2.9000000000000004,5.9,1.1000000000000014,4.200000000000001,1.9000000000000004,NA,NA,NA,NA,NA,NA,NA,NA,NA,NA,NA,NA,NA,NA,NA,NA,NA,NA,NA,NA,108
2015-2016,4.4,0.7999999999999998,1.1999999999999993,4.4,2.5999999999999996,2.5,3.3999999999999995,6.5,NA,NA,NA,NA,NA,NA,NA,NA,NA,NA,NA,NA,NA,NA,NA,NA,NA,NA,NA,NA,38
2015-2016,2.5,3.3999999999999995,0,2.0999999999999996,0,1.0999999999999996,1.299999999999999,2.2,NA,NA,NA,NA,NA,NA,NA,NA,NA,NA,NA,NA,NA,NA,NA,NA,NA,NA,NA,NA,96
2015-2016,-0.9000000000000004,-0.40000000000000036,-0.7000000000000011,4,4.7,4.3,1.1999999999999993,0.20000000000000018,NA,NA,NA,NA,NA,NA,NA,NA,NA,NA,NA,NA,NA,NA,NA,NA,NA,NA,NA,NA,67
2015-2016,1.7000000000000002,4.3,3.499999999999999,8,0.7999999999999998,1.5999999999999996,4.1,4.4,NA,NA,NA,NA,NA,NA,NA,NA,NA,NA,NA,NA,NA,NA,NA,NA,NA,NA,NA,NA,162
2016-2017,2.4,2.8000000000000003,2.6000000000000005,1,1.5999999999999996,5.5,NA,4.3,NA,NA,NA,NA,NA,NA,NA,NA,NA,NA,NA,NA,NA,NA,NA,3.3,2.4000000000000004,2.1999999999999997,1.5999999999999996,2.1999999999999997,78
2016-2017,2.1000000000000005,6.300000000000001,0,1,1.9000000000000004,2.3999999999999995,NA,0,NA,NA,NA,NA,NA,NA,NA,NA,NA,NA,NA,NA,NA,NA,NA,0,0,-1.1999999999999993,2,1.6000000000000005,147
2016-2017,2.7,4.9,1.8000000000000007,4,6.6000000000000005,4.1,NA,6.4,NA,NA,NA,NA,NA,NA,NA,NA,NA,NA,NA,NA,NA,NA,NA,1.9000000000000004,1,2,2.999999999999999,2.3,35
2016-2017,NA,2.3000000000000007,4.800000000000001,0,0,2.3000000000000007,NA,0,NA,NA,NA,NA,NA,NA,NA,NA,NA,NA,NA,NA,NA,NA,NA,0,0,-2,-1.3000000000000007,NA,171
2016-2017,1.7000000000000002,2.4000000000000004,3.9000000000000004,1.0000000000000004,3.4,1.4000000000000004,NA,5.800000000000001,NA,NA,NA,NA,NA,NA,NA,NA,NA,NA,NA,NA,NA,NA,NA,2.6000000000000005,NA,2.3,0.7000000000000002,1.2000000000000002,286
2016-2017,1.2999999999999998,4.4,5,2.3,1,0.6000000000000005,NA,2.8999999999999995,NA,NA,NA,NA,NA,NA,NA,NA,NA,NA,NA,NA,NA,NA,NA,1.6,0.3000000000000007,2.5,0.7000000000000002,2.3,80
2016-2017,2,4.700000000000001,6.2,2.6999999999999993,0.7000000000000002,3.5999999999999996,NA,4.6,NA,NA,NA,NA,NA,NA,NA,NA,NA,NA,NA,NA,NA,NA,NA,2.1999999999999993,3.5999999999999996,0.7999999999999989,0,0.6000000000000005,100
2016-2017,2.3,1.9000000000000004,3.0999999999999996,3.8000000000000003,3.200000000000001,2.6000000000000005,NA,0.40000000000000036,NA,NA,NA,NA,NA,NA,NA,NA,NA,NA,NA,NA,NA,NA,NA,0.6999999999999993,1,1,0.9000000000000004,NA,131
2016-2017,1.5999999999999996,3.4000000000000004,2.3,2.4000000000000004,-1.2999999999999998,1.1000000000000005,NA,6.9,NA,NA,NA,NA,NA,NA,NA,NA,NA,NA,NA,NA,NA,NA,NA,1,0,1.8000000000000003,1.2000000000000002,0.5999999999999996,251
2016-2017,NA,4,4.800000000000001,0.3000000000000007,0,0,NA,0,NA,NA,NA,NA,NA,NA,NA,NA,NA,NA,NA,NA,NA,NA,NA,0,0,NA,0,NA,228
2016-2017,1.4000000000000004,4.7,6.7,3.999999999999999,4.1,-1.8999999999999995,NA,4.1,NA,NA,NA,NA,NA,NA,NA,NA,NA,NA,NA,NA,NA,NA,NA,1.2000000000000002,9,1.0999999999999996,1.4000000000000004,0.6000000000000001,23
2016-2017,-0.40000000000000036,2.3000000000000007,0,3.499999999999999,6.6000000000000005,0.8999999999999986,NA,0.7000000000000002,NA,NA,NA,NA,NA,NA,NA,NA,NA,NA,NA,NA,NA,NA,NA,3.8,0,1.8999999999999995,2.9000000000000004,1.2000000000000002,315
2016-2017,1.9999999999999991,4.8,2.700000000000001,0.7999999999999989,0,4.1,NA,0.8000000000000007,NA,NA,NA,NA,NA,NA,NA,NA,NA,NA,NA,NA,NA,NA,NA,-0.9000000000000004,0,0.7999999999999998,1.7000000000000002,1.7000000000000002,222
2016-2017,0.9000000000000004,2.0999999999999996,3.0999999999999996,3.2,2.500000000000001,1.799999999999999,NA,2.7,NA,NA,NA,NA,NA,NA,NA,NA,NA,NA,NA,NA,NA,NA,NA,0.9000000000000004,0,1.1999999999999993,0.29999999999999893,1.6000000000000005,101
2016-2017,3.1999999999999993,5.500000000000001,1.8000000000000007,0,0,-1.5,NA,0,NA,NA,NA,NA,NA,NA,NA,NA,NA,NA,NA,NA,NA,NA,NA,1.5,0,NA,0,NA,95
2016-2017,NA,3.200000000000001,1.8000000000000007,0,1.9000000000000004,2.3000000000000007,NA,4.300000000000001,NA,NA,NA,NA,NA,NA,NA,NA,NA,NA,NA,NA,NA,NA,NA,3.9000000000000004,0,2.8,0.3000000000000007,0.8999999999999995,285
2016-2017,NA,3.1000000000000005,4.8,0,7.7,0.6000000000000005,NA,3.9000000000000004,NA,NA,NA,NA,NA,NA,NA,NA,NA,NA,NA,NA,NA,NA,NA,1.5999999999999996,3.5999999999999996,NA,0,4.199999999999999,296
2016-2017,1.7999999999999998,4.800000000000001,8,2.3,1.0000000000000009,1.2999999999999998,NA,1.9000000000000004,NA,NA,NA,NA,NA,NA,NA,NA,NA,NA,NA,NA,NA,NA,NA,4.5,6.3,2,2.1000000000000005,0.9000000000000004,99
2016-2017,1.2999999999999998,6.4,3.2,2.2,0,2.6000000000000005,NA,1.9000000000000004,NA,NA,NA,NA,NA,NA,NA,NA,NA,NA,NA,NA,NA,NA,NA,0.6999999999999993,0,1.3999999999999995,3,2.8000000000000007,173
2016-2017,-0.40000000000000036,0.7000000000000011,0,0,0,4.7,NA,0,NA,NA,NA,NA,NA,NA,NA,NA,NA,NA,NA,NA,NA,NA,NA,-2.1999999999999993,0,1.5,2.299999999999999,2.700000000000001,250
2016-2017,1,1.6,1.1999999999999997,1.2999999999999998,9.600000000000001,1.5,NA,4.1,NA,NA,NA,NA,NA,NA,NA,NA,NA,NA,NA,NA,NA,NA,NA,1.5,0,2.3999999999999995,2.3000000000000007,0.7000000000000002,59
2016-2017,NA,4.6,2.700000000000001,0.8000000000000007,0,5.800000000000001,NA,0,NA,NA,NA,NA,NA,NA,NA,NA,NA,NA,NA,NA,NA,NA,NA,0,0,NA,-1.3000000000000007,NA,179
2016-2017,NA,3.200000000000001,2.700000000000001,1.7000000000000002,5.9,2.3000000000000007,NA,3.4000000000000004,NA,NA,NA,NA,NA,NA,NA,NA,NA,NA,NA,NA,NA,NA,NA,-1.1999999999999993,2.3000000000000007,NA,5.2,0.6999999999999993,291
2016-2017,5.6,7.2,6.2,1.8000000000000003,2.9000000000000004,3.0999999999999996,NA,1.1999999999999993,NA,NA,NA,NA,NA,NA,NA,NA,NA,NA,NA,NA,NA,NA,NA,2.8,0,1.1000000000000005,1.5999999999999996,1.7999999999999998,215
2016-2017,NA,4,0,3.999999999999999,5.9,2.3000000000000007,NA,3.9000000000000004,NA,NA,NA,NA,NA,NA,NA,NA,NA,NA,NA,NA,NA,NA,NA,1.5,0,0.8000000000000007,5.800000000000001,NA,47
2016-2017,3,0.09999999999999964,-3,4.3,4.9,1.7000000000000002,NA,2.3,NA,NA,NA,NA,NA,NA,NA,NA,NA,NA,NA,NA,NA,NA,NA,1.5999999999999996,0,2.1,2,0.5,198
2016-2017,1.2000000000000002,3.5,3.9000000000000004,2.7,1.1999999999999997,2.1999999999999997,NA,1.5,NA,NA,NA,NA,NA,NA,NA,NA,NA,NA,NA,NA,NA,NA,NA,2.3,1,1.1,1.1999999999999997,1.5,253
2016-2017,1.2999999999999998,5.200000000000001,4.800000000000001,2.2,4.1,-0.40000000000000036,NA,1.0999999999999996,NA,NA,NA,NA,NA,NA,NA,NA,NA,NA,NA,NA,NA,NA,NA,-0.6999999999999993,6.3,1.5,3.5999999999999996,1.1000000000000005,98
2016-2017,NA,2.3000000000000007,0,3.6999999999999993,6.6000000000000005,3.2,NA,6.800000000000001,NA,NA,NA,NA,NA,NA,NA,NA,NA,NA,NA,NA,NA,NA,NA,-2.700000000000001,3.5999999999999996,2.2,2.4000000000000004,3.3000000000000003,43
2016-2017,NA,2.4000000000000004,4.4,3.499999999999999,2.500000000000001,-2.700000000000001,NA,2.8,NA,NA,NA,NA,NA,NA,NA,NA,NA,NA,NA,NA,NA,NA,NA,2.5999999999999996,0,2.4,3.7,1.4000000000000004,20
2016-2017,3.1,3.700000000000001,1.8000000000000007,1,0.7999999999999998,1.4000000000000004,NA,0.8000000000000003,NA,NA,NA,NA,NA,NA,NA,NA,NA,NA,NA,NA,NA,NA,NA,1.2000000000000002,9.8,2.2,2.3,2.2,305
2016-2017,1.9000000000000004,3.8000000000000003,1.6000000000000005,0.7999999999999998,5.1000000000000005,1.7000000000000002,NA,1.7000000000000002,NA,NA,NA,NA,NA,NA,NA,NA,NA,NA,NA,NA,NA,NA,NA,0.6000000000000005,2.3000000000000007,1.6,2.9,2.3000000000000003,122
2016-2017,2.999999999999999,3.5999999999999996,0,0.7000000000000002,2.4000000000000004,0.40000000000000036,NA,2.3,NA,NA,NA,NA,NA,NA,NA,NA,NA,NA,NA,NA,NA,NA,NA,1,0,4.199999999999999,0.29999999999999893,3.1000000000000005,132
2016-2017,NA,2.3000000000000007,4.800000000000001,1,0,-2.700000000000001,NA,0.8999999999999999,NA,NA,NA,NA,NA,NA,NA,NA,NA,NA,NA,NA,NA,NA,NA,0,0,-0.20000000000000018,3.1999999999999993,0.7000000000000002,133
2016-2017,0.8000000000000007,1.5,1.8000000000000007,0.7999999999999998,2.1,2.2,NA,3.8,NA,NA,NA,NA,NA,NA,NA,NA,NA,NA,NA,NA,NA,NA,NA,0,2.2,1.1,1,0.6999999999999993,66
2016-2017,NA,4.1000000000000005,4.2,2.1999999999999993,0,5.1000000000000005,NA,0,NA,NA,NA,NA,NA,NA,NA,NA,NA,NA,NA,NA,NA,NA,NA,1.5999999999999996,0,0,2,0,103
2016-2017,2.6000000000000005,5.800000000000001,2.700000000000001,5.2,2.2,0.6999999999999993,NA,5.3,NA,NA,NA,NA,NA,NA,NA,NA,NA,NA,NA,NA,NA,NA,NA,6.999999999999999,0,0.5999999999999996,3.6999999999999993,1.9000000000000004,207
2016-2017,NA,0,0,0,0,0,NA,0,NA,NA,NA,NA,NA,NA,NA,NA,NA,NA,NA,NA,NA,NA,NA,0,0,NA,0,NA,232
2016-2017,-0.7000000000000011,1.6000000000000005,1.6000000000000005,0.7000000000000002,6.6000000000000005,2.6000000000000005,NA,0.09999999999999964,NA,NA,NA,NA,NA,NA,NA,NA,NA,NA,NA,NA,NA,NA,NA,2.2,0,3.4000000000000004,1.7000000000000002,2.6999999999999993,15
2016-2017,1.3000000000000007,2.8000000000000003,3.0999999999999996,1.5,0.5,1.1000000000000005,NA,2.0000000000000004,NA,NA,NA,NA,NA,NA,NA,NA,NA,NA,NA,NA,NA,NA,NA,2.4000000000000004,6.3,1.9999999999999996,2.1,2,238
2016-2017,NA,4.6,4.800000000000001,1.5,0,0,NA,-2.0999999999999996,NA,NA,NA,NA,NA,NA,NA,NA,NA,NA,NA,NA,NA,NA,NA,4.9,0,NA,2.299999999999999,NA,194
2016-2017,-1.5,5.500000000000001,4.800000000000001,2,2.8,0,NA,2.3999999999999995,NA,NA,NA,NA,NA,NA,NA,NA,NA,NA,NA,NA,NA,NA,NA,2,3.5999999999999996,2,1.1000000000000005,2.7,282
2016-2017,3.1999999999999993,4.9,8.8,1.2999999999999998,0.40000000000000036,7.1000000000000005,NA,-3.9000000000000004,NA,NA,NA,NA,NA,NA,NA,NA,NA,NA,NA,NA,NA,NA,NA,1.7000000000000002,4.800000000000001,1.3999999999999995,1.4000000000000004,1.2999999999999998,8
2016-2017,4.6000000000000005,5.2,-3,1.6999999999999993,1.9000000000000004,0.8999999999999986,NA,2.700000000000001,NA,NA,NA,NA,NA,NA,NA,NA,NA,NA,NA,NA,NA,NA,NA,3.9000000000000004,0,2.0999999999999996,1.6000000000000005,1.7999999999999998,204
2016-2017,0.30000000000000027,1.7999999999999998,2.3,0.7,1.8999999999999995,2,NA,2.3999999999999995,NA,NA,NA,NA,NA,NA,NA,NA,NA,NA,NA,NA,NA,NA,NA,2.5,0.20000000000000018,0.5,0.40000000000000036,0.9000000000000004,188
2016-2017,2.2,2.8000000000000003,3.5,2.3000000000000003,1.2999999999999998,1.7000000000000002,NA,1.6999999999999993,NA,NA,NA,NA,NA,NA,NA,NA,NA,NA,NA,NA,NA,NA,NA,0.6000000000000005,1.2000000000000002,0.6999999999999993,0.5999999999999996,0.40000000000000036,109
2016-2017,3.6000000000000005,3.2,2.3,2.8000000000000003,2.1,0.6000000000000005,NA,1.4999999999999996,NA,NA,NA,NA,NA,NA,NA,NA,NA,NA,NA,NA,NA,NA,NA,1.4000000000000004,0,1.6,3.4,1.7999999999999998,276
2016-2017,NA,3.200000000000001,2.700000000000001,3.5,0,2.3000000000000007,NA,4.9,NA,NA,NA,NA,NA,NA,NA,NA,NA,NA,NA,NA,NA,NA,NA,1.1999999999999993,0,2.3,5,1.4000000000000004,258
2016-2017,4.199999999999999,6.800000000000001,-0.29999999999999893,2.2,4.200000000000001,5.6,NA,3.6000000000000005,NA,NA,NA,NA,NA,NA,NA,NA,NA,NA,NA,NA,NA,NA,NA,1.5999999999999996,0,3,3.4000000000000004,2.6999999999999997,73
2016-2017,2.0999999999999996,1.1,2,2,3.6999999999999997,2.3000000000000003,NA,2.9000000000000004,NA,NA,NA,NA,NA,NA,NA,NA,NA,NA,NA,NA,NA,NA,NA,1.3,3.7,NA,1.4,0,191
2016-2017,NA,4.6,4.800000000000001,2.299999999999999,1.9000000000000004,0,NA,0,NA,NA,NA,NA,NA,NA,NA,NA,NA,NA,NA,NA,NA,NA,NA,3.9000000000000004,0,1.0999999999999996,3.1999999999999993,-0.9000000000000004,142
2016-2017,1.5,1.1000000000000005,1.2999999999999998,0.5,2.4000000000000004,2.6000000000000005,NA,1.4000000000000004,NA,NA,NA,NA,NA,NA,NA,NA,NA,NA,NA,NA,NA,NA,NA,0.6999999999999993,NA,0.20000000000000018,3.3999999999999995,1,9
2016-2017,NA,1.5,0,1.6999999999999993,8.8,-3.2,NA,1.7000000000000002,NA,NA,NA,NA,NA,NA,NA,NA,NA,NA,NA,NA,NA,NA,NA,-2.3999999999999995,0,-1.9,0.7000000000000002,-1.2999999999999998,18
2016-2017,NA,0.7000000000000011,2.700000000000001,1.3000000000000007,0,3.0999999999999996,NA,-1.5999999999999996,NA,NA,NA,NA,NA,NA,NA,NA,NA,NA,NA,NA,NA,NA,NA,-2.700000000000001,0,NA,3.5999999999999996,NA,174
2016-2017,0.9000000000000004,0.9000000000000004,1.7999999999999998,1.2999999999999998,0,2.6000000000000005,NA,1.4000000000000004,NA,NA,NA,NA,NA,NA,NA,NA,NA,NA,NA,NA,NA,NA,NA,1.2999999999999998,0,0.5999999999999996,0.7000000000000002,0.5999999999999996,134
2016-2017,NA,4.8,1.2999999999999998,1.9999999999999991,1.8000000000000007,2,NA,0,NA,NA,NA,NA,NA,NA,NA,NA,NA,NA,NA,NA,NA,NA,NA,2.5999999999999996,0,3.2,5.2,-0.09999999999999964,140
2016-2017,NA,6.700000000000001,5.800000000000001,1.5,1.2999999999999998,1.3000000000000007,NA,1.1000000000000005,NA,NA,NA,NA,NA,NA,NA,NA,NA,NA,NA,NA,NA,NA,NA,1.5999999999999996,0,2,4.3,NA,89
2016-2017,1.7000000000000002,3.200000000000001,4.800000000000001,2.8,7.300000000000001,0.8000000000000007,NA,0,NA,NA,NA,NA,NA,NA,NA,NA,NA,NA,NA,NA,NA,NA,NA,3.0999999999999996,0,0.5999999999999996,2.499999999999999,1.5,83
2016-2017,1.6999999999999997,1.7999999999999998,0.8999999999999995,0.6000000000000001,1.9,3,NA,2.4000000000000004,NA,NA,NA,NA,NA,NA,NA,NA,NA,NA,NA,NA,NA,NA,NA,0.5,1.2000000000000002,NA,1.3,NA,81
2016-2017,0.5,5.2,-0.29999999999999893,4.3,0,-0.40000000000000036,NA,0,NA,NA,NA,NA,NA,NA,NA,NA,NA,NA,NA,NA,NA,NA,NA,2.700000000000001,0,1,2.0999999999999996,1.0000000000000009,91
2016-2017,1.3000000000000007,1.3000000000000007,1.8000000000000007,3.8000000000000003,2,-1.5,NA,0.09999999999999964,NA,NA,NA,NA,NA,NA,NA,NA,NA,NA,NA,NA,NA,NA,NA,1.1999999999999993,0,2.0999999999999996,2.5,1.3000000000000007,82
2016-2017,2.4000000000000004,2.4000000000000004,3.6,1,3.3,4,NA,2.0999999999999996,NA,NA,NA,NA,NA,NA,NA,NA,NA,NA,NA,NA,NA,NA,NA,1.4000000000000004,1,-0.09999999999999964,1.9,0.5999999999999996,34
2016-2017,1.0999999999999996,2.5,3.0999999999999996,4,6.6000000000000005,2,NA,NA,NA,NA,NA,NA,NA,NA,NA,NA,NA,NA,NA,NA,NA,NA,NA,1.5999999999999996,0,0.5,1.7999999999999998,2.3,223
2016-2017,1.1999999999999993,5.800000000000001,4.800000000000001,1.7999999999999998,0,4.5,NA,3.8000000000000007,NA,NA,NA,NA,NA,NA,NA,NA,NA,NA,NA,NA,NA,NA,NA,-1.1999999999999993,0,NA,0,0.20000000000000018,157
2016-2017,1.9000000000000004,4.1000000000000005,5.800000000000001,1.7000000000000002,2.9999999999999996,2.6000000000000005,NA,5.3999999999999995,NA,NA,NA,NA,NA,NA,NA,NA,NA,NA,NA,NA,NA,NA,NA,2.6000000000000005,NA,2,0.9000000000000004,2.4000000000000004,42
2016-2017,NA,0.7000000000000011,0,NA,0,2.3000000000000007,NA,0,NA,NA,NA,NA,NA,NA,NA,NA,NA,NA,NA,NA,NA,NA,NA,0,0,NA,0,0.40000000000000036,243
2016-2017,1.9,2.6,1.5999999999999996,2.4,1.6999999999999997,3.2,NA,2,NA,NA,NA,NA,NA,NA,NA,NA,NA,NA,NA,NA,NA,NA,NA,2.7,1.2000000000000002,1.1999999999999997,0.7000000000000002,0.9000000000000004,186
2016-2017,2.3,4.4,4.2,2.5,2.2,3.799999999999999,NA,2.1000000000000005,NA,NA,NA,NA,NA,NA,NA,NA,NA,NA,NA,NA,NA,NA,NA,1.5999999999999996,6.3,1.8999999999999995,2.1000000000000005,0.6000000000000005,31
2016-2017,NA,4.1000000000000005,4.4,3.4000000000000004,1.9000000000000004,7.1000000000000005,NA,3.5,NA,NA,NA,NA,NA,NA,NA,NA,NA,NA,NA,NA,NA,NA,NA,-2.5999999999999996,0,4,3.3999999999999995,0.9000000000000004,50
2016-2017,1.2000000000000002,5.4,7.2,0.3000000000000007,1.9000000000000004,1.799999999999999,NA,0,NA,NA,NA,NA,NA,NA,NA,NA,NA,NA,NA,NA,NA,NA,NA,0,10,2.9,2.1000000000000005,2.5,226
2016-2017,1.9,3.5,0,0.5,5.4,2.8000000000000003,NA,0,NA,NA,NA,NA,NA,NA,NA,NA,NA,NA,NA,NA,NA,NA,NA,1.7000000000000002,1.2000000000000002,2.3999999999999995,1.6000000000000005,2.5,58
2016-2017,1.1000000000000005,3.7,4.4,2.5,4,0.10000000000000053,NA,1.0999999999999996,NA,NA,NA,NA,NA,NA,NA,NA,NA,NA,NA,NA,NA,NA,NA,0.6999999999999993,6.3,2.1999999999999993,1.6000000000000005,2.6,56
2016-2017,4.1000000000000005,3.700000000000001,2.700000000000001,1,1.9000000000000004,-0.40000000000000036,NA,2,NA,NA,NA,NA,NA,NA,NA,NA,NA,NA,NA,NA,NA,NA,NA,-2.1999999999999993,0,0.5,2.3,2.2,156
2016-2017,1.2999999999999998,4,3.0999999999999996,1.5,0.3999999999999999,2.3000000000000003,NA,1.7999999999999998,NA,NA,NA,NA,NA,NA,NA,NA,NA,NA,NA,NA,NA,NA,NA,3,1.2000000000000002,3,2.1999999999999997,4.3,316
2016-2017,1.6999999999999997,2.4000000000000004,3.2,1.5,5.4,1.2000000000000002,NA,4.5,NA,NA,NA,NA,NA,NA,NA,NA,NA,NA,NA,NA,NA,NA,NA,-0.6999999999999993,0.3000000000000007,2,1.4000000000000004,1.5999999999999996,143
2016-2017,3.9000000000000004,2.5,3.9000000000000004,0.29999999999999893,8.8,2.5,NA,8.7,NA,NA,NA,NA,NA,NA,NA,NA,NA,NA,NA,NA,NA,NA,NA,2.2,3.299999999999999,1.5999999999999996,3,2.3,218
2016-2017,1,2.6000000000000005,4.4,2.2,8.3,4.7,NA,NA,NA,NA,NA,NA,NA,NA,NA,NA,NA,NA,NA,NA,NA,NA,NA,2.8,10,2.8,3.1000000000000005,0.8000000000000007,159
2016-2017,NA,4.500000000000001,-0.29999999999999893,0.7000000000000002,3.2,4.3999999999999995,NA,1.7000000000000002,NA,NA,NA,NA,NA,NA,NA,NA,NA,NA,NA,NA,NA,NA,NA,2.8,0,0.2999999999999998,0.8000000000000007,0.20000000000000018,277
2016-2017,1.2999999999999998,2.5,3.0999999999999996,3.7,2,3.3,NA,0,NA,NA,NA,NA,NA,NA,NA,NA,NA,NA,NA,NA,NA,NA,NA,2.2,1,1,2.0999999999999996,0.20000000000000018,260
2016-2017,2,-1.299999999999999,7.2,1.5,4.1,1.7999999999999998,NA,4,NA,NA,NA,NA,NA,NA,NA,NA,NA,NA,NA,NA,NA,NA,NA,3.9000000000000004,9.8,1,2,0.09999999999999964,139
2016-2017,NA,5.800000000000001,2.700000000000001,3.499999999999999,1.9000000000000004,2.3000000000000007,NA,2.4000000000000004,NA,NA,NA,NA,NA,NA,NA,NA,NA,NA,NA,NA,NA,NA,NA,0,0,-0.9000000000000004,0,1.3000000000000007,108
2016-2017,3.8,2.8000000000000003,2.6000000000000005,1.2000000000000002,1.7999999999999998,1.0999999999999996,NA,2.9000000000000004,NA,NA,NA,NA,NA,NA,NA,NA,NA,NA,NA,NA,NA,NA,NA,1.9000000000000004,0,0.6000000000000001,1.6,2.3,201
2016-2017,1.1000000000000005,4.200000000000001,4.800000000000001,1,2.2,-2.1999999999999993,NA,3.4000000000000004,NA,NA,NA,NA,NA,NA,NA,NA,NA,NA,NA,NA,NA,NA,NA,2.1000000000000005,1,0.7999999999999998,2.0999999999999996,0.6000000000000005,38
2016-2017,1.6999999999999993,6.800000000000001,3.2,1,0,2.6000000000000005,NA,3.0999999999999996,NA,NA,NA,NA,NA,NA,NA,NA,NA,NA,NA,NA,NA,NA,NA,4.6,0,1.2000000000000002,2.0999999999999996,1.5,96
2016-2017,0.7999999999999998,4.300000000000001,4.4,1,6.4,0.6000000000000005,NA,7,NA,NA,NA,NA,NA,NA,NA,NA,NA,NA,NA,NA,NA,NA,NA,1,-1.4999999999999991,1.8999999999999995,1.1000000000000005,1.9,40
2016-2017,1.1999999999999993,0.7000000000000011,2.700000000000001,1.5999999999999996,0,0.6999999999999993,NA,-0.5,NA,NA,NA,NA,NA,NA,NA,NA,NA,NA,NA,NA,NA,NA,NA,0.9000000000000004,0,0.40000000000000036,0.29999999999999893,0.7000000000000002,67
2016-2017,0.6000000000000005,2.5,1.8000000000000007,3.6999999999999993,1.2999999999999998,-0.40000000000000036,NA,2.000000000000001,NA,NA,NA,NA,NA,NA,NA,NA,NA,NA,NA,NA,NA,NA,NA,2.6999999999999993,0,1.0999999999999996,0.9000000000000004,1.1000000000000005,162
2023-2024,1.6000000000000005,-1.5,0,0,0,NA,2,0,NA,NA,NA,NA,NA,NA,NA,NA,NA,NA,NA,NA,NA,NA,NA,1.200000000000001,NA,1.5,NA,1.2999999999999998,149
2023-2024,NA,NA,NA,NA,NA,NA,NA,NA,NA,NA,NA,NA,NA,NA,NA,NA,NA,NA,NA,NA,NA,NA,NA,NA,NA,NA,NA,NA,60
2023-2024,1.0999999999999996,0.7999999999999998,0.20000000000000018,1.8000000000000007,0.7999999999999998,NA,1.5,0.7999999999999998,NA,NA,NA,NA,NA,NA,NA,NA,NA,NA,NA,NA,NA,NA,NA,0.5,NA,0.7999999999999998,NA,0.5,112
2023-2024,1.2999999999999998,0.5,1.6999999999999993,2.2,3.3999999999999995,NA,4.1,4.9,NA,NA,NA,NA,NA,NA,NA,NA,NA,NA,NA,NA,NA,NA,NA,0.5999999999999996,NA,2.7,NA,1.2000000000000002,32
2023-2024,0.7000000000000002,1.5999999999999996,0.5,1.0999999999999996,2.5999999999999996,NA,1.5,1.7999999999999998,NA,NA,NA,NA,NA,NA,NA,NA,NA,NA,NA,NA,NA,NA,NA,0.9000000000000004,NA,0.9000000000000004,NA,0.40000000000000036,63
2023-2024,2.500000000000001,1.8000000000000007,3.700000000000001,4.2,1.0000000000000009,NA,6.800000000000001,4.1,NA,NA,NA,NA,NA,NA,NA,NA,NA,NA,NA,NA,NA,NA,NA,1.9000000000000004,NA,1.4000000000000004,NA,0.09999999999999964,150
2023-2024,1,0.7000000000000011,4.699999999999999,2.1999999999999993,2.5,NA,1.7999999999999998,5.9,NA,NA,NA,NA,NA,NA,NA,NA,NA,NA,NA,NA,NA,NA,NA,2.3999999999999995,NA,1,NA,0.20000000000000018,278
2023-2024,NA,NA,NA,NA,NA,NA,NA,NA,NA,NA,NA,NA,NA,NA,NA,NA,NA,NA,NA,NA,NA,NA,NA,NA,NA,NA,NA,NA,314
2023-2024,1.5999999999999999,2.3,2.7,0.6000000000000001,2.6,NA,2.6999999999999997,NA,NA,NA,NA,NA,NA,NA,NA,NA,NA,NA,NA,NA,NA,NA,NA,NA,NA,0.7000000000000002,NA,1.1,275
2023-2024,NA,3.3000000000000007,0,0,1.9000000000000004,NA,0,7,NA,NA,NA,NA,NA,NA,NA,NA,NA,NA,NA,NA,NA,NA,NA,0,NA,NA,NA,5.2,284
2023-2024,1.4000000000000004,1.0999999999999996,2.5999999999999996,3,4.200000000000001,NA,1.9000000000000004,7.9,NA,NA,NA,NA,NA,NA,NA,NA,NA,NA,NA,NA,NA,NA,NA,1.2000000000000002,NA,2.1000000000000005,NA,3.8000000000000007,92
2023-2024,0.7999999999999998,0.09999999999999964,0.5,1.7999999999999998,1.0000000000000009,NA,0.7000000000000002,0,NA,NA,NA,NA,NA,NA,NA,NA,NA,NA,NA,NA,NA,NA,NA,0,NA,1.2000000000000002,NA,1.2999999999999998,165
2023-2024,5.1,2.3000000000000007,0,3.3000000000000007,2.2,NA,2.9000000000000004,4.9,NA,NA,NA,NA,NA,NA,NA,NA,NA,NA,NA,NA,NA,NA,NA,3.6999999999999993,NA,1.1999999999999997,NA,3.3000000000000007,74
2023-2024,0.5999999999999996,0.7000000000000002,0.7000000000000011,2.5,1.5999999999999996,NA,2.6,5.9,NA,NA,NA,NA,NA,NA,NA,NA,NA,NA,NA,NA,NA,NA,NA,0.6999999999999993,NA,1.2000000000000002,NA,2.0999999999999996,102
2023-2024,1.1999999999999997,1.7999999999999998,1.8000000000000003,1.4999999999999996,1.2999999999999998,NA,1.4999999999999996,3.0000000000000004,NA,NA,NA,NA,NA,NA,NA,NA,NA,NA,NA,NA,NA,NA,NA,1,NA,1.1,NA,1.0999999999999996,49
2023-2024,0.09999999999999964,1.3000000000000007,3.799999999999999,2.4000000000000004,1.2999999999999998,NA,3,1.1000000000000005,NA,NA,NA,NA,NA,NA,NA,NA,NA,NA,NA,NA,NA,NA,NA,0.7999999999999998,NA,2.2,NA,0.9000000000000004,293
2023-2024,NA,NA,NA,NA,NA,NA,NA,NA,NA,NA,NA,NA,NA,NA,NA,NA,NA,NA,NA,NA,NA,NA,NA,NA,NA,NA,NA,NA,86
2023-2024,1,0.7999999999999998,2.1000000000000005,0.3000000000000007,2.6999999999999997,NA,2,2.4,NA,NA,NA,NA,NA,NA,NA,NA,NA,NA,NA,NA,NA,NA,NA,5.2,NA,1.2000000000000002,NA,2.1999999999999997,6
2023-2024,0.5,0,0,0,0,NA,0,0,NA,NA,NA,NA,NA,NA,NA,NA,NA,NA,NA,NA,NA,NA,NA,1.1999999999999993,NA,NA,NA,0.5999999999999996,272
2023-2024,0,0,0,0,0,NA,0,0,NA,NA,NA,NA,NA,NA,NA,NA,NA,NA,NA,NA,NA,NA,NA,0,NA,0,NA,0,37
2023-2024,1.5,0.7000000000000011,0.5,0.39999999999999947,2.2,NA,0.8999999999999995,1.0999999999999996,NA,NA,NA,NA,NA,NA,NA,NA,NA,NA,NA,NA,NA,NA,NA,1.9000000000000004,NA,1,NA,1.2999999999999998,87
2023-2024,1.2000000000000002,1.7000000000000002,-1.0999999999999996,3.0999999999999996,2.2,NA,2.1999999999999993,2.8,NA,NA,NA,NA,NA,NA,NA,NA,NA,NA,NA,NA,NA,NA,NA,2.8,NA,2.0999999999999996,NA,1.2000000000000002,105
2023-2024,NA,1.2000000000000002,2.5999999999999996,0,0,NA,2.0999999999999996,3,NA,NA,NA,NA,NA,NA,NA,NA,NA,NA,NA,NA,NA,NA,NA,2.3999999999999995,NA,0.8000000000000007,NA,3.5000000000000004,294
2023-2024,1,1.2000000000000002,-1.0999999999999996,1.5,2.1,NA,1.7000000000000002,3.8999999999999995,NA,NA,NA,NA,NA,NA,NA,NA,NA,NA,NA,NA,NA,NA,NA,1.0999999999999996,NA,2.6,NA,2.3,136
2023-2024,0,0,0,0,0,NA,5.300000000000001,3.200000000000001,NA,NA,NA,NA,NA,NA,NA,NA,NA,NA,NA,NA,NA,NA,NA,0,NA,1.0999999999999996,NA,3,62
2023-2024,0.5999999999999996,0.8999999999999986,-2.200000000000001,0.6000000000000005,0,NA,1,1.8999999999999995,NA,NA,NA,NA,NA,NA,NA,NA,NA,NA,NA,NA,NA,NA,NA,0,NA,1.1999999999999993,NA,0.9000000000000004,254
2023-2024,NA,NA,NA,NA,NA,NA,NA,NA,NA,NA,NA,NA,NA,NA,NA,NA,NA,NA,NA,NA,NA,NA,NA,NA,NA,NA,NA,NA,126
2023-2024,NA,1.5,2.4000000000000004,NA,NA,NA,0.9000000000000001,NA,NA,NA,NA,NA,NA,NA,NA,NA,NA,NA,NA,NA,NA,NA,NA,NA,NA,NA,NA,NA,65
2023-2024,1.7000000000000002,1.2000000000000002,0.5,1.1999999999999993,1.2999999999999998,NA,2.3999999999999995,1.7000000000000002,NA,NA,NA,NA,NA,NA,NA,NA,NA,NA,NA,NA,NA,NA,NA,2,NA,2.0999999999999996,NA,2.2,51
2023-2024,0.20000000000000018,0.7000000000000011,3.700000000000001,2,1.9000000000000004,NA,3.8000000000000007,0,NA,NA,NA,NA,NA,NA,NA,NA,NA,NA,NA,NA,NA,NA,NA,NA,NA,NA,NA,2.5999999999999996,84
2023-2024,2.0999999999999996,2.5,2.4000000000000004,3,1.6999999999999997,NA,1.1999999999999997,2.3999999999999995,NA,NA,NA,NA,NA,NA,NA,NA,NA,NA,NA,NA,NA,NA,NA,NA,NA,1.3000000000000003,NA,0.9000000000000004,48
2023-2024,1.7000000000000002,1.7000000000000002,4.699999999999999,5.2,3.7,NA,1.7999999999999998,4.3999999999999995,NA,NA,NA,NA,NA,NA,NA,NA,NA,NA,NA,NA,NA,NA,NA,3.3,NA,2.4000000000000004,NA,2.1999999999999997,202
2023-2024,1.7999999999999998,1.5,2,1.5000000000000004,1.8999999999999995,NA,1.5,1.2999999999999998,NA,NA,NA,NA,NA,NA,NA,NA,NA,NA,NA,NA,NA,NA,NA,1.7000000000000002,NA,1.5,NA,0.7000000000000002,303
2023-2024,1.2000000000000002,1.0999999999999996,1.6999999999999993,0.6999999999999993,2.8,NA,1.5,1.3000000000000007,NA,NA,NA,NA,NA,NA,NA,NA,NA,NA,NA,NA,NA,NA,NA,1.2000000000000002,NA,1.2000000000000002,NA,1.0999999999999996,288
2023-2024,0.9000000000000004,0.10000000000000053,-1.0999999999999996,0.2999999999999998,0.7000000000000002,NA,0.5,1.2000000000000002,NA,NA,NA,NA,NA,NA,NA,NA,NA,NA,NA,NA,NA,NA,NA,0.6999999999999993,NA,0.9000000000000004,NA,0.20000000000000018,114
2023-2024,NA,NA,NA,NA,NA,NA,NA,NA,NA,NA,NA,NA,NA,NA,NA,NA,NA,NA,NA,NA,NA,NA,NA,NA,NA,NA,NA,NA,170
2023-2024,1.2000000000000002,1.3000000000000007,0.5,0.8999999999999995,2.500000000000001,NA,1,1.8000000000000007,NA,NA,NA,NA,NA,NA,NA,NA,NA,NA,NA,NA,NA,NA,NA,1.5999999999999996,NA,1.2000000000000002,NA,0.6999999999999993,313
2023-2024,0.7999999999999998,0.7000000000000011,0.5,1.5,1.5,NA,1.2000000000000002,2.1000000000000005,NA,NA,NA,NA,NA,NA,NA,NA,NA,NA,NA,NA,NA,NA,NA,1.5999999999999996,NA,0.7999999999999998,NA,0.2999999999999998,190
2023-2024,1.3000000000000003,1.7999999999999998,2.1000000000000005,0.5,1.8999999999999995,NA,3,1.6000000000000005,NA,NA,NA,NA,NA,NA,NA,NA,NA,NA,NA,NA,NA,NA,NA,1.7999999999999998,NA,2.1,NA,0.7999999999999998,104
2023-2024,NA,NA,NA,NA,NA,NA,NA,NA,NA,NA,NA,NA,NA,NA,NA,NA,NA,NA,NA,NA,NA,NA,NA,NA,NA,NA,NA,NA,233
2023-2024,1.2000000000000002,1.5999999999999996,3.6,3.5999999999999996,4.8,NA,3.4999999999999996,4.999999999999999,NA,NA,NA,NA,NA,NA,NA,NA,NA,NA,NA,NA,NA,NA,NA,1.7000000000000002,NA,2.7,NA,0.40000000000000036,36
2023-2024,1.9000000000000004,0.7000000000000002,1.6999999999999993,4.3999999999999995,3.200000000000001,NA,2.0999999999999996,0,NA,NA,NA,NA,NA,NA,NA,NA,NA,NA,NA,NA,NA,NA,NA,3.9000000000000004,NA,1.5999999999999996,NA,2.2,311
2023-2024,NA,NA,NA,NA,NA,NA,NA,NA,NA,NA,NA,NA,NA,NA,NA,NA,NA,NA,NA,NA,NA,NA,NA,NA,NA,NA,NA,NA,292
2023-2024,1.4000000000000001,1.1999999999999997,2.9000000000000004,NA,0.7999999999999998,NA,2.6,NA,NA,NA,NA,NA,NA,NA,NA,NA,NA,NA,NA,NA,NA,NA,NA,NA,NA,NA,NA,NA,85
2023-2024,NA,NA,NA,NA,NA,NA,NA,NA,NA,NA,NA,NA,NA,NA,NA,NA,NA,NA,NA,NA,NA,NA,NA,NA,NA,NA,NA,NA,29
2023-2024,1.700000000000001,0.09999999999999964,0.5,3.5999999999999996,4.1,NA,1.4000000000000004,3.3,NA,NA,NA,NA,NA,NA,NA,NA,NA,NA,NA,NA,NA,NA,NA,3.9000000000000004,NA,1.7999999999999998,NA,0.39999999999999947,185
2023-2024,2.4,2.4000000000000004,4.699999999999999,2.5,2.6999999999999997,NA,3.8000000000000007,4,NA,NA,NA,NA,NA,NA,NA,NA,NA,NA,NA,NA,NA,NA,NA,2.1000000000000005,NA,1.0999999999999996,NA,2.5,267
2023-2024,0.7999999999999998,2.9999999999999996,2.6,3.8,0.9000000000000004,NA,1.2000000000000002,4,NA,NA,NA,NA,NA,NA,NA,NA,NA,NA,NA,NA,NA,NA,NA,2.3,NA,2.7,NA,1.2999999999999998,123
2023-2024,0,-0.7000000000000011,0,4.700000000000001,5.9,NA,1.700000000000001,0,NA,NA,NA,NA,NA,NA,NA,NA,NA,NA,NA,NA,NA,NA,NA,1.5,NA,3.7,NA,1.8000000000000007,318
2023-2024,0.7000000000000011,0.09999999999999964,3.700000000000001,1.3999999999999995,1.5,NA,2.7,3.9000000000000004,NA,NA,NA,NA,NA,NA,NA,NA,NA,NA,NA,NA,NA,NA,NA,2.5999999999999996,NA,1.4000000000000004,NA,3,269
2023-2024,1.1999999999999997,2.3,2.2,2.1999999999999997,0.8999999999999995,NA,1.9000000000000004,3.2,NA,NA,NA,NA,NA,NA,NA,NA,NA,NA,NA,NA,NA,NA,NA,2.9000000000000004,NA,1.0999999999999996,NA,0.7000000000000002,216
2023-2024,0.7,1.2,0.7000000000000002,NA,NA,NA,1.0999999999999999,0.7999999999999998,NA,NA,NA,NA,NA,NA,NA,NA,NA,NA,NA,NA,NA,NA,NA,NA,NA,NA,NA,1.1,57
2023-2024,NA,NA,NA,NA,NA,NA,NA,NA,NA,NA,NA,NA,NA,NA,NA,NA,NA,NA,NA,NA,NA,NA,NA,NA,NA,NA,NA,NA,252
2023-2024,NA,NA,1.8,2.1999999999999997,NA,NA,1.8,1.3000000000000003,NA,NA,NA,NA,NA,NA,NA,NA,NA,NA,NA,NA,NA,NA,NA,NA,NA,NA,NA,NA,175
2023-2024,0.39999999999999947,0.09999999999999964,0.5,0,-1.9000000000000004,NA,1.4000000000000004,0,NA,NA,NA,NA,NA,NA,NA,NA,NA,NA,NA,NA,NA,NA,NA,1.1999999999999993,NA,1.1999999999999993,NA,0.40000000000000036,212
2023-2024,0,-0.7000000000000011,0,0,0,NA,3.3000000000000007,0,NA,NA,NA,NA,NA,NA,NA,NA,NA,NA,NA,NA,NA,NA,NA,1,NA,3.499999999999999,NA,0.10000000000000053,225
2023-2024,0.8000000000000007,0,1,5.800000000000001,1.8000000000000007,NA,2.0999999999999996,2.3,NA,NA,NA,NA,NA,NA,NA,NA,NA,NA,NA,NA,NA,NA,NA,0.3000000000000007,NA,1.9000000000000004,NA,1.5999999999999996,306
2023-2024,0,0.8000000000000007,0.5,0,1.8000000000000007,NA,3.8000000000000007,1.4000000000000004,NA,NA,NA,NA,NA,NA,NA,NA,NA,NA,NA,NA,NA,NA,NA,0,NA,NA,NA,NA,163
2023-2024,2.5999999999999996,1.7000000000000002,1.7000000000000002,1.7999999999999998,2.3999999999999995,NA,2.3,3.3,NA,NA,NA,NA,NA,NA,NA,NA,NA,NA,NA,NA,NA,NA,NA,1.2999999999999998,NA,2.1000000000000005,NA,2.7,124
2023-2024,2.5000000000000004,1.0999999999999996,1,1.7999999999999998,4.5,NA,3.8000000000000003,4.199999999999999,NA,NA,NA,NA,NA,NA,NA,NA,NA,NA,NA,NA,NA,NA,NA,3.3,NA,1.6,NA,2,266
2023-2024,1.0999999999999996,0.7999999999999998,2.6,1.7000000000000002,2.1999999999999997,NA,1.6999999999999997,2.4,NA,NA,NA,NA,NA,NA,NA,NA,NA,NA,NA,NA,NA,NA,NA,2.4000000000000004,NA,1.0999999999999996,NA,1.5,152
2023-2024,1.3000000000000003,2,1,1.7000000000000002,3.0999999999999996,NA,2.1,2.8,NA,NA,NA,NA,NA,NA,NA,NA,NA,NA,NA,NA,NA,NA,NA,2.3,NA,1.5999999999999996,NA,1.2,235
2023-2024,1.7000000000000002,1,3.799999999999999,5.6000000000000005,NA,NA,7.6000000000000005,5.7,NA,NA,NA,NA,NA,NA,NA,NA,NA,NA,NA,NA,NA,NA,NA,2.1999999999999993,NA,4.1,NA,2,183
2023-2024,0,0,0,0,4.1,NA,2.3000000000000007,0,NA,NA,NA,NA,NA,NA,NA,NA,NA,NA,NA,NA,NA,NA,NA,1.1999999999999993,NA,1.3999999999999995,NA,0.7000000000000002,256
2023-2024,NA,NA,NA,NA,NA,NA,NA,NA,NA,NA,NA,NA,NA,NA,NA,NA,NA,NA,NA,NA,NA,NA,NA,NA,NA,NA,NA,NA,127
2023-2024,1.7000000000000002,1.8999999999999995,1.6999999999999993,1.4000000000000001,2.1999999999999997,NA,2.1999999999999997,2.3,NA,NA,NA,NA,NA,NA,NA,NA,NA,NA,NA,NA,NA,NA,NA,3.7,NA,2.1,NA,1,309
2023-2024,NA,NA,2.1,NA,NA,NA,NA,NA,NA,NA,NA,NA,NA,NA,NA,NA,NA,NA,NA,NA,NA,NA,NA,NA,NA,NA,NA,NA,317
2023-2024,0.6000000000000001,NA,1.5999999999999996,NA,NA,NA,1.2,NA,NA,NA,NA,NA,NA,NA,NA,NA,NA,NA,NA,NA,NA,NA,NA,NA,NA,0.6000000000000001,NA,0.7,111
2023-2024,2.299999999999999,-0.7000000000000011,1.6999999999999993,0,4,NA,1.6000000000000005,2.8,NA,NA,NA,NA,NA,NA,NA,NA,NA,NA,NA,NA,NA,NA,NA,1.9000000000000004,NA,2.9,NA,3.500000000000001,168
2023-2024,-0.09999999999999964,1.8000000000000007,0,1.4000000000000004,-1.9000000000000004,NA,0.8000000000000007,2.0999999999999996,NA,NA,NA,NA,NA,NA,NA,NA,NA,NA,NA,NA,NA,NA,NA,1.2999999999999998,NA,NA,NA,0.40000000000000036,199
2023-2024,0.6000000000000005,0.09999999999999964,0.2999999999999998,0.5,0.7999999999999998,NA,1,0.7999999999999998,NA,NA,NA,NA,NA,NA,NA,NA,NA,NA,NA,NA,NA,NA,NA,0,NA,0.7000000000000002,NA,0.5,280
2023-2024,0,0,0,0,0.7999999999999998,NA,2.8000000000000007,3.4000000000000004,NA,NA,NA,NA,NA,NA,NA,NA,NA,NA,NA,NA,NA,NA,NA,0,NA,1.2999999999999998,NA,1.2000000000000002,116
2023-2024,4.2,2.3000000000000007,0.2999999999999998,6.9,5.1000000000000005,NA,3.3,7.4,NA,NA,NA,NA,NA,NA,NA,NA,NA,NA,NA,NA,NA,NA,NA,1.7000000000000002,NA,0.40000000000000036,NA,3,153
2023-2024,NA,NA,NA,NA,NA,NA,NA,NA,NA,NA,NA,NA,NA,NA,NA,NA,NA,NA,NA,NA,NA,NA,NA,NA,NA,NA,NA,NA,244
2023-2024,1.2000000000000002,1.3000000000000007,1,1.8999999999999995,1.4000000000000004,NA,1.7999999999999998,-0.09999999999999964,NA,NA,NA,NA,NA,NA,NA,NA,NA,NA,NA,NA,NA,NA,NA,0.9000000000000004,NA,0.40000000000000036,NA,0.7999999999999998,128
2023-2024,3,0,0.5,5.1000000000000005,5.1000000000000005,NA,1.5999999999999996,4.1,NA,NA,NA,NA,NA,NA,NA,NA,NA,NA,NA,NA,NA,NA,NA,0.6999999999999993,NA,0.8999999999999995,NA,0.5,290
2023-2024,1.700000000000001,0,0,5.300000000000001,5.1000000000000005,NA,3.6000000000000005,3.4000000000000004,NA,NA,NA,NA,NA,NA,NA,NA,NA,NA,NA,NA,NA,NA,NA,1.200000000000001,NA,1.2000000000000002,NA,1.2999999999999998,71
2023-2024,NA,-0.7000000000000011,0,0,0,NA,5.9,3.5999999999999996,NA,NA,NA,NA,NA,NA,NA,NA,NA,NA,NA,NA,NA,NA,NA,0,NA,3,NA,1.0999999999999996,227
2023-2024,1.4,2.3999999999999995,2.1000000000000005,2.0999999999999996,0.8999999999999995,NA,3.2,4.300000000000001,NA,NA,NA,NA,NA,NA,NA,NA,NA,NA,NA,NA,NA,NA,NA,2.4000000000000004,NA,2.3000000000000003,NA,0.3999999999999999,64
2023-2024,4.699999999999999,0,0,0,7.300000000000001,NA,0,3.9000000000000004,NA,NA,NA,NA,NA,NA,NA,NA,NA,NA,NA,NA,NA,NA,NA,2.700000000000001,NA,1.5999999999999996,NA,1.5,164
2023-2024,NA,NA,NA,NA,NA,NA,NA,NA,NA,NA,NA,NA,NA,NA,NA,NA,NA,NA,NA,NA,NA,NA,NA,NA,NA,NA,NA,NA,237
2023-2024,NA,NA,NA,NA,NA,NA,NA,NA,NA,NA,NA,NA,NA,NA,NA,NA,NA,NA,NA,NA,NA,NA,NA,NA,NA,NA,NA,NA,88
2023-2024,1.2999999999999998,1.3999999999999995,1.6999999999999993,2.2,1,NA,2.1,1.7000000000000002,NA,NA,NA,NA,NA,NA,NA,NA,NA,NA,NA,NA,NA,NA,NA,1.7000000000000002,NA,2.5,NA,2.1000000000000005,217
2023-2024,1.0999999999999996,0.8999999999999995,1.2000000000000002,2.6,1.7000000000000002,NA,2.6999999999999993,1.1999999999999993,NA,NA,NA,NA,NA,NA,NA,NA,NA,NA,NA,NA,NA,NA,NA,0.6999999999999993,NA,1.6000000000000005,NA,1.2999999999999998,300
2023-2024,0.5999999999999996,0,0.5,5,0,NA,0.5999999999999996,0,NA,NA,NA,NA,NA,NA,NA,NA,NA,NA,NA,NA,NA,NA,NA,0,NA,0.7000000000000002,NA,0.39999999999999947,236
2023-2024,0.7,1.1999999999999997,0.7000000000000002,NA,NA,NA,1.5999999999999999,NA,NA,NA,NA,NA,NA,NA,NA,NA,NA,NA,NA,NA,NA,NA,NA,NA,NA,0.3999999999999999,NA,0.6000000000000001,17
2023-2024,2.2,0.7000000000000011,0.5,-0.3000000000000007,0.7999999999999998,NA,3.1000000000000005,3.3999999999999995,NA,NA,NA,NA,NA,NA,NA,NA,NA,NA,NA,NA,NA,NA,NA,2.8,NA,1.2999999999999998,NA,1.5,93
2023-2024,NA,NA,NA,NA,NA,NA,NA,NA,NA,NA,NA,NA,NA,NA,NA,NA,NA,NA,NA,NA,NA,NA,NA,NA,NA,NA,NA,NA,119
2023-2024,NA,-0.7000000000000011,0.5,0,3.2,NA,3.9999999999999996,2.5999999999999996,NA,NA,NA,NA,NA,NA,NA,NA,NA,NA,NA,NA,NA,NA,NA,2.5999999999999996,NA,NA,NA,NA,115
2023-2024,1.0999999999999996,0,0,4,0,NA,0,0,NA,NA,NA,NA,NA,NA,NA,NA,NA,NA,NA,NA,NA,NA,NA,0,NA,0,NA,5.3,262
